MaterialName,EntryDate,QuantityEntered,ProcessingDate,ProcessedQuantity,ProcessingCost,SaleDate,SoldQuantity,SellingPricePerTon
Paper,2022-10-16,13.62,2022-10-22,9.42,325.56,2022-10-28,3.97,44.56
Glass,2023-02-26,7.45,2023-02-27,4.62,182.81,2023-02-28,1.4,49.57
Glass,2021-07-12,17.79,2021-07-13,13.37,229.83,2021-07-17,2.35,27.19
Glass,2021-09-02,13.01,2021-09-04,11.21,214.67,2021-09-08,8.21,29.15
Paper,2023-03-29,6.37,2023-03-31,4.57,186.14,2023-04-01,2.29,50.73
Glass,2021-09-10,2.01,2021-09-16,1.59,30.93,2021-09-17,0.76,29.45
Glass,2021-09-01,8.75,2021-09-06,7.43,141.99,2021-09-08,5.13,29.11
Glass,2022-06-18,3.09,2022-06-23,3.06,91.92,2022-06-27,2.78,40.04
Glass,2022-07-24,8.37,2022-07-26,7.43,233.23,2022-07-30,3.12,41.39
Glass,2021-11-15,11.58,2021-11-21,9.91,217.43,2021-11-27,5.63,31.94
Aluminum,2021-12-01,15.09,2021-12-08,14.46,325.93,2021-12-10,9.1,32.54
Paper,2023-07-12,10.8,2023-07-15,7.57,338.3,2023-07-17,0.86,54.69
Aluminum,2021-03-15,13.86,2021-03-19,9.82,124.81,2021-03-24,3.77,22.71
Glass,2021-06-30,8.38,2021-07-05,5.22,87.38,2021-07-06,4.5,26.74
Aluminum,2021-05-26,8.96,2021-06-02,8.21,126.6,2021-06-06,0.79,25.42
Aluminum,2022-06-02,7.4,2022-06-08,5.38,158.39,2022-06-14,2.3,39.44
Glass,2022-11-10,8.48,2022-11-15,5.64,200.22,2022-11-16,1.54,45.5
Glass,2022-03-21,15.95,2022-03-27,10.76,287.18,2022-04-03,3.77,36.69
Aluminum,2021-12-15,7.84,2021-12-17,7.43,171.41,2021-12-22,1.79,33.07
Paper,2021-01-24,7.33,2021-01-28,5.32,57.62,2021-01-31,1.15,20.83
Paper,2022-05-30,2.51,2022-06-03,1.42,41.63,2022-06-09,0.92,39.32
Glass,2023-04-03,4.96,2023-04-09,3.38,138.31,2023-04-13,2.45,50.92
Aluminum,2021-07-06,13.92,2021-07-11,10.79,183.11,2021-07-18,4.68,26.97
Paper,2021-11-17,16.23,2021-11-19,9.02,198.62,2021-11-20,0.88,32.02
Glass,2021-08-09,12.49,2021-08-15,10.48,191.26,2021-08-16,2.84,28.25
Glass,2022-10-12,16.08,2022-10-18,9.68,333.09,2022-10-19,1.17,44.41
Paper,2023-09-27,11.49,2023-10-02,7.16,340.74,2023-10-07,1.01,57.59
Glass,2021-05-09,8.47,2021-05-13,6.3,93.11,2021-05-16,1.65,24.78
Glass,2023-06-14,19.42,2023-06-16,16.28,710.3,2023-06-18,11.31,53.63
Aluminum,2022-04-28,13.55,2022-05-02,12.88,362.19,2022-05-03,12.86,38.12
Paper,2021-09-23,19.87,2021-09-30,14.63,291.72,2021-10-05,1.4,29.94
Aluminum,2021-04-19,5.15,2021-04-23,5.02,70.43,2021-04-27,1.89,24.03
Glass,2021-04-20,16.11,2021-04-24,10.93,153.79,2021-04-26,5.04,24.07
Glass,2023-06-01,2.2,2023-06-06,1.87,80.69,2023-06-11,1.63,53.15
Aluminum,2021-07-04,12.16,2021-07-06,10.7,180.72,2021-07-11,5.89,26.89
Paper,2021-11-08,4.14,2021-11-15,3.09,66.99,2021-11-22,2.04,31.68
Aluminum,2022-11-01,6.26,2022-11-05,5.86,206.04,2022-11-06,2.84,45.16
Glass,2021-08-12,17.15,2021-08-14,14.81,271.91,2021-08-19,5.13,28.36
Aluminum,2022-05-27,6.3,2022-05-30,5.26,153.64,2022-06-05,3.82,39.21
Aluminum,2023-01-16,7.08,2023-01-22,5.9,224.32,2023-01-24,5.37,48.02
Glass,2021-11-08,17.65,2021-11-15,15.97,346.23,2021-11-21,10.66,31.68
Glass,2021-03-26,19.96,2021-03-27,14.01,183.95,2021-03-28,8.43,23.13
Glass,2023-03-10,8.0,2023-03-16,7.99,319.76,2023-03-21,5.02,50.02
Aluminum,2022-01-18,3.29,2022-01-19,3.29,80.11,2022-01-21,1.1,34.35
Aluminum,2021-10-26,18.67,2021-11-01,16.38,347.09,2021-11-02,0.66,31.19
Glass,2023-07-05,13.31,2023-07-12,9.93,441.19,2023-07-15,4.57,54.43
Glass,2023-05-16,12.24,2023-05-19,8.28,352.23,2023-05-25,4.92,52.54
Aluminum,2023-04-13,8.84,2023-04-20,8.76,361.79,2023-04-23,4.7,51.3
Glass,2022-02-20,3.78,2022-02-23,2.34,59.88,2022-02-28,1.95,35.59
Aluminum,2022-03-15,10.21,2022-03-19,8.17,216.18,2022-03-26,5.93,36.46
Paper,2021-06-24,14.75,2021-06-30,10.89,179.9,2021-07-01,7.19,26.52
Glass,2023-08-04,2.53,2023-08-08,2.02,92.03,2023-08-10,1.69,55.56
Aluminum,2023-08-19,4.04,2023-08-26,2.77,127.75,2023-08-30,1.2,56.12
Glass,2022-11-19,14.74,2022-11-26,14.55,521.47,2022-12-03,11.06,45.84
Glass,2023-08-10,5.58,2023-08-14,5.14,235.31,2023-08-16,1.28,55.78
Paper,2021-12-27,3.27,2021-12-30,2.23,52.45,2022-01-02,1.74,33.52
Paper,2022-03-09,19.47,2022-03-12,15.2,398.7,2022-03-18,13.38,36.23
Aluminum,2021-07-27,17.56,2021-07-29,11.55,205.13,2021-08-02,1.1,27.76
Paper,2021-09-17,19.62,2021-09-19,12.99,256.16,2021-09-21,9.0,29.72
Paper,2023-08-03,18.85,2023-08-04,13.11,596.77,2023-08-09,11.39,55.52
Paper,2021-04-03,13.56,2021-04-07,8.62,115.77,2021-04-09,2.98,23.43
Glass,2021-01-22,9.8,2021-01-29,8.4,90.3,2021-01-31,6.38,20.75
Paper,2021-06-02,17.05,2021-06-06,11.76,184.51,2021-06-08,5.12,25.69
Glass,2023-08-02,13.45,2023-08-05,10.53,478.9,2023-08-12,8.53,55.48
Aluminum,2022-08-06,12.17,2022-08-07,11.74,374.27,2022-08-10,0.83,41.88
Paper,2023-05-21,15.02,2023-05-24,10.09,431.15,2023-05-25,8.21,52.73
Aluminum,2022-08-05,10.87,2022-08-11,9.99,318.18,2022-08-17,8.26,41.85
Paper,2021-05-31,9.85,2021-06-07,6.58,102.71,2021-06-08,4.42,25.61
Paper,2022-05-04,18.09,2022-05-05,9.8,277.73,2022-05-12,1.01,38.34
Aluminum,2021-03-16,18.9,2021-03-22,15.82,201.71,2021-03-29,4.45,22.75
Aluminum,2021-03-01,16.55,2021-03-02,11.72,142.75,2021-03-05,8.01,22.18
Glass,2023-01-25,7.99,2023-01-30,7.2,276.19,2023-02-03,3.1,48.36
Paper,2023-09-24,11.94,2023-09-27,8.32,395.03,2023-10-01,3.64,57.48
Paper,2022-09-15,17.64,2022-09-21,13.83,461.78,2022-09-25,7.68,43.39
Paper,2022-07-22,10.79,2022-07-28,6.9,216.11,2022-07-31,2.32,41.32
Paper,2023-09-29,1.98,2023-09-30,1.25,59.57,2023-10-05,0.66,57.66
Paper,2023-01-10,3.23,2023-01-16,2.21,83.54,2023-01-20,1.84,47.8
Aluminum,2022-03-21,7.46,2022-03-25,6.33,168.95,2022-03-27,1.24,36.69
Aluminum,2022-11-02,5.8,2022-11-08,4.2,147.84,2022-11-09,1.85,45.2
Glass,2021-11-27,8.57,2021-11-29,8.49,190.09,2021-12-04,4.62,32.39
Paper,2023-03-31,7.87,2023-04-06,4.32,176.3,2023-04-09,2.47,50.81
Glass,2022-07-14,14.24,2022-07-19,11.63,360.76,2022-07-23,3.77,41.02
Aluminum,2023-01-28,15.69,2023-02-03,12.86,494.72,2023-02-05,3.77,48.47
Aluminum,2022-04-25,13.25,2022-04-28,12.77,357.56,2022-04-29,6.94,38.0
Aluminum,2021-01-04,2.15,2021-01-11,2.08,20.97,2021-01-16,0.94,20.08
Paper,2022-05-02,16.46,2022-05-04,11.25,318.04,2022-05-06,3.73,38.27
Paper,2021-03-13,13.17,2021-03-20,10.43,131.84,2021-03-25,2.28,22.64
Glass,2023-06-12,3.96,2023-06-18,3.82,166.4,2023-06-25,1.72,53.56
Glass,2022-10-10,19.6,2022-10-14,15.24,523.19,2022-10-18,3.6,44.33
Paper,2021-11-28,14.44,2021-12-05,10.33,231.7,2021-12-09,7.6,32.43
Glass,2021-05-23,8.05,2021-05-24,5.29,80.99,2021-05-25,0.96,25.31
Aluminum,2022-08-29,16.45,2022-09-01,13.56,444.09,2022-09-07,5.74,42.75
Paper,2022-03-19,12.73,2022-03-22,7.11,189.2,2022-03-24,5.75,36.61
Paper,2022-08-02,11.2,2022-08-03,6.34,201.17,2022-08-06,0.98,41.73
Aluminum,2023-04-10,10.12,2023-04-14,7.71,317.57,2023-04-19,5.43,51.19
Aluminum,2021-12-17,15.85,2021-12-23,12.94,299.56,2021-12-26,9.34,33.15
Aluminum,2022-08-07,9.72,2022-08-14,8.23,262.7,2022-08-19,3.65,41.92
Aluminum,2021-07-19,18.62,2021-07-23,11.77,205.5,2021-07-26,3.06,27.46
Glass,2021-10-31,11.42,2021-11-01,8.62,184.21,2021-11-08,7.68,31.37
Paper,2022-12-14,7.93,2022-12-18,4.89,179.85,2022-12-24,1.67,46.78
Aluminum,2021-05-18,18.64,2021-05-22,17.71,267.78,2021-05-25,9.7,25.12
Aluminum,2022-12-01,18.4,2022-12-08,17.75,644.15,2022-12-12,13.39,46.29
Aluminum,2023-05-14,6.0,2023-05-18,4.92,208.95,2023-05-19,0.9,52.47
Paper,2023-03-19,7.41,2023-03-26,5.85,236.11,2023-04-02,0.85,50.36
Paper,2023-11-27,14.04,2023-11-28,9.01,449.51,2023-12-04,8.31,59.89
Aluminum,2023-02-24,13.58,2023-03-03,9.04,356.99,2023-03-04,2.52,49.49
Aluminum,2023-05-22,18.02,2023-05-25,17.61,753.18,2023-05-31,1.88,52.77
Paper,2022-07-15,6.82,2022-07-18,5.33,165.5,2022-07-19,4.96,41.05
Paper,2021-02-17,18.58,2021-02-19,14.76,173.13,2021-02-24,13.92,21.73
Aluminum,2022-01-25,3.06,2022-01-29,2.72,66.94,2022-02-02,2.29,34.61
Aluminum,2022-06-04,2.18,2022-06-11,1.79,52.82,2022-06-17,1.64,39.51
Aluminum,2023-08-13,6.74,2023-08-20,5.44,249.64,2023-08-27,4.81,55.89
Aluminum,2021-02-08,9.21,2021-02-09,6.31,71.87,2021-02-12,2.14,21.39
Aluminum,2021-06-01,19.74,2021-06-04,16.67,260.89,2021-06-11,12.15,25.65
Aluminum,2022-03-30,18.93,2022-04-03,16.57,447.72,2022-04-05,11.81,37.02
Paper,2023-09-14,5.08,2023-09-18,3.9,183.69,2023-09-20,0.59,57.1
Glass,2023-11-19,14.44,2023-11-21,12.24,606.98,2023-11-22,4.6,59.59
Glass,2022-09-07,9.21,2022-09-11,6.45,213.43,2022-09-16,5.28,43.09
Paper,2021-07-09,15.39,2021-07-10,10.23,174.73,2021-07-16,1.5,27.08
Paper,2022-12-26,3.57,2022-12-27,1.96,72.97,2022-12-30,1.46,47.23
Paper,2021-04-10,19.02,2021-04-11,14.21,194.53,2021-04-16,1.56,23.69
Glass,2021-05-03,10.04,2021-05-09,7.79,113.42,2021-05-16,4.57,24.56
Glass,2023-06-06,7.68,2023-06-12,5.37,232.68,2023-06-17,2.56,53.33
Aluminum,2023-11-06,18.62,2023-11-13,13.08,642.23,2023-11-14,6.62,59.1
Aluminum,2021-08-31,17.97,2021-09-03,12.33,235.26,2021-09-04,8.36,29.08
Aluminum,2022-01-05,14.67,2022-01-09,11.1,264.85,2022-01-13,9.15,33.86
Glass,2023-04-05,12.87,2023-04-12,11.86,486.26,2023-04-16,11.59,51.0
Paper,2022-01-23,2.5,2022-01-29,1.4,34.36,2022-02-02,1.05,34.54
Glass,2023-11-23,18.2,2023-11-29,15.52,771.96,2023-12-04,13.94,59.74
Paper,2022-04-14,15.18,2022-04-15,11.33,312.59,2022-04-18,9.53,37.59
Glass,2021-02-13,7.98,2021-02-18,7.69,89.05,2021-02-23,1.9,21.58
Glass,2022-02-10,18.64,2022-02-12,18.31,461.78,2022-02-17,8.85,35.22
Paper,2021-01-20,8.39,2021-01-21,4.39,46.89,2021-01-26,2.51,20.68
Paper,2023-08-08,15.47,2023-08-15,7.91,361.57,2023-08-18,2.09,55.71
Paper,2021-06-01,1.48,2021-06-03,0.84,13.15,2021-06-05,0.58,25.65
Glass,2023-03-14,1.31,2023-03-15,0.81,32.54,2023-03-19,0.75,50.17
Aluminum,2022-10-09,16.46,2022-10-14,14.6,500.63,2022-10-15,1.88,44.29
Glass,2022-10-07,8.03,2022-10-11,7.51,256.99,2022-10-14,5.57,44.22
Aluminum,2022-04-17,11.96,2022-04-23,7.43,205.81,2022-04-25,4.2,37.7
Aluminum,2021-02-26,13.1,2021-03-02,12.43,150.03,2021-03-09,4.31,22.07
Glass,2023-04-06,16.04,2023-04-12,15.49,635.71,2023-04-13,11.78,51.04
Paper,2022-12-15,2.85,2022-12-22,2.02,74.38,2022-12-24,2.01,46.82
Paper,2022-01-11,12.45,2022-01-14,6.41,154.42,2022-01-21,5.65,34.09
Paper,2021-10-21,1.62,2021-10-26,0.98,20.58,2021-11-01,0.52,31.0
Glass,2022-06-14,8.47,2022-06-21,6.35,189.8,2022-06-24,2.98,39.89
Glass,2021-11-28,17.99,2021-12-05,12.8,287.1,2021-12-08,4.27,32.43
Glass,2022-12-23,8.49,2022-12-24,6.57,243.88,2022-12-30,0.68,47.12
Aluminum,2021-05-09,9.04,2021-05-14,6.29,92.97,2021-05-18,1.19,24.78
Paper,2022-05-21,12.8,2022-05-22,9.69,280.82,2022-05-25,2.15,38.98
Paper,2022-06-29,6.53,2022-07-04,4.51,137.33,2022-07-08,1.47,40.45
Aluminum,2022-08-31,15.28,2022-09-01,14.56,477.86,2022-09-04,12.85,42.82
Glass,2023-05-20,10.56,2023-05-23,7.01,299.26,2023-05-28,5.5,52.69
Aluminum,2021-05-25,1.27,2021-05-31,1.15,17.7,2021-06-07,0.69,25.39
Glass,2023-03-30,11.62,2023-04-01,8.66,353.07,2023-04-02,4.67,50.77
Aluminum,2023-02-07,7.68,2023-02-10,5.74,223.0,2023-02-13,3.36,48.85
Paper,2021-07-30,12.07,2021-08-05,7.28,130.09,2021-08-11,3.11,27.87
Paper,2023-04-05,11.38,2023-04-09,6.02,246.82,2023-04-10,3.27,51.0
Aluminum,2023-01-24,9.07,2023-01-26,8.3,318.06,2023-01-29,1.18,48.32
Paper,2022-03-29,8.84,2022-04-05,6.53,176.24,2022-04-08,4.11,36.99
Paper,2021-01-09,2.86,2021-01-10,1.71,17.54,2021-01-11,1.45,20.26
Paper,2021-08-10,11.81,2021-08-16,7.91,144.67,2021-08-21,0.84,28.29
Aluminum,2022-05-16,15.91,2022-05-21,13.19,379.74,2022-05-22,6.37,38.79
Paper,2021-06-10,3.48,2021-06-15,1.81,28.94,2021-06-19,1.36,25.99
Glass,2021-11-19,11.28,2021-11-26,8.59,189.75,2021-11-27,6.49,32.09
Aluminum,2022-07-19,2.18,2022-07-20,2.16,67.41,2022-07-21,0.89,41.21
Aluminum,2022-02-10,12.99,2022-02-13,8.57,216.14,2022-02-19,3.78,35.22
Aluminum,2021-05-31,6.5,2021-06-01,5.1,79.61,2021-06-03,0.68,25.61
Glass,2021-10-10,8.04,2021-10-14,5.16,106.19,2021-10-21,1.96,30.58
Aluminum,2021-06-04,8.32,2021-06-10,7.13,112.37,2021-06-13,6.45,25.76
Glass,2022-02-18,7.52,2022-02-21,5.44,138.83,2022-02-22,5.3,35.52
Glass,2023-02-20,3.97,2023-02-26,3.25,127.86,2023-02-27,1.39,49.34
Glass,2023-08-20,10.58,2023-08-21,8.99,414.98,2023-08-27,8.23,56.16
Glass,2023-07-30,12.36,2023-08-02,12.02,545.35,2023-08-03,1.4,55.37
Paper,2023-01-21,8.6,2023-01-23,4.47,170.8,2023-01-26,2.31,48.21
Aluminum,2023-07-21,3.45,2023-07-23,2.48,111.67,2023-07-26,1.65,55.03
Glass,2022-12-07,8.04,2022-12-10,6.19,226.06,2022-12-12,0.51,46.52
Glass,2021-06-29,6.54,2021-07-03,5.58,93.19,2021-07-06,4.24,26.7
Aluminum,2022-12-10,2.42,2022-12-14,2.27,83.15,2022-12-15,1.74,46.63
Paper,2021-06-17,12.1,2021-06-20,7.84,127.4,2021-06-25,1.14,26.25
Aluminum,2022-06-30,18.73,2022-07-03,16.99,518.03,2022-07-05,14.87,40.49
Aluminum,2021-05-22,8.74,2021-05-27,7.99,122.01,2021-06-02,3.27,25.27
Paper,2021-07-10,6.19,2021-07-11,4.02,68.82,2021-07-12,2.06,27.12
Glass,2021-03-14,5.46,2021-03-20,4.91,62.21,2021-03-25,2.65,22.67
Paper,2023-05-13,19.91,2023-05-16,11.72,497.28,2023-05-20,10.01,52.43
Glass,2021-01-21,19.45,2021-01-27,13.62,146.01,2021-02-01,12.53,20.72
Paper,2022-11-02,12.85,2022-11-04,7.45,262.24,2022-11-08,6.81,45.2
Glass,2022-08-01,15.28,2022-08-06,14.72,466.48,2022-08-11,8.85,41.69
Glass,2023-10-05,7.98,2023-10-07,5.3,253.82,2023-10-14,3.29,57.89
Aluminum,2022-11-13,5.35,2022-11-19,3.5,124.63,2022-11-24,3.16,45.61
Glass,2021-06-19,5.0,2021-06-20,4.25,69.4,2021-06-24,0.77,26.33
Glass,2023-03-23,3.25,2023-03-26,2.92,118.29,2023-04-01,1.53,50.51
Paper,2021-09-05,5.77,2021-09-06,3.63,69.95,2021-09-11,0.84,29.27
Aluminum,2021-01-06,16.89,2021-01-12,13.51,137.13,2021-01-17,5.44,20.15
Glass,2021-10-03,15.17,2021-10-09,14.55,295.66,2021-10-15,7.87,30.32
Paper,2023-08-14,3.82,2023-08-16,1.98,90.94,2023-08-21,1.38,55.93
Aluminum,2021-09-20,18.67,2021-09-22,13.28,263.34,2021-09-29,7.9,29.83
Paper,2022-11-18,13.58,2022-11-19,10.53,376.97,2022-11-22,1.21,45.8
Paper,2022-04-27,15.75,2022-04-28,10.85,304.67,2022-05-05,10.33,38.08
Paper,2023-01-15,1.07,2023-01-16,0.71,26.97,2023-01-20,0.54,47.98
Aluminum,2022-03-25,2.05,2022-03-29,1.4,37.58,2022-03-31,1.29,36.84
Glass,2021-01-07,13.81,2021-01-12,9.96,101.49,2021-01-15,7.39,20.19
Aluminum,2022-11-09,10.05,2022-11-10,7.55,267.72,2022-11-17,2.19,45.46
Paper,2023-02-14,6.15,2023-02-19,4.85,189.68,2023-02-23,0.81,49.11
Glass,2022-11-15,16.9,2022-11-16,11.96,426.85,2022-11-23,6.64,45.69
Aluminum,2023-07-19,15.34,2023-07-21,10.38,466.58,2023-07-25,8.5,54.95
Aluminum,2022-09-10,1.69,2022-09-12,1.41,46.81,2022-09-16,0.59,43.2
Aluminum,2021-12-24,16.44,2021-12-26,12.92,302.46,2021-12-27,10.75,33.41
Paper,2023-05-11,4.62,2023-05-18,2.84,120.27,2023-05-19,1.82,52.35
Glass,2023-09-02,12.5,2023-09-05,7.57,353.14,2023-09-11,6.6,56.65
Aluminum,2022-10-01,11.85,2022-10-04,7.88,267.84,2022-10-07,0.94,43.99
Aluminum,2022-01-10,16.05,2022-01-14,15.09,362.91,2022-01-21,3.26,34.05
Aluminum,2022-08-14,11.07,2022-08-19,9.49,305.39,2022-08-20,4.59,42.18
Glass,2023-06-25,7.94,2023-06-28,7.7,339.19,2023-06-30,7.65,54.05
Paper,2022-11-01,17.44,2022-11-08,10.62,373.4,2022-11-15,0.84,45.16
Glass,2023-10-08,19.3,2023-10-10,14.47,694.56,2023-10-16,6.0,58.0
Paper,2023-10-19,7.92,2023-10-21,6.03,291.97,2023-10-25,5.97,58.42
Aluminum,2021-05-20,2.09,2021-05-26,1.84,27.97,2021-05-31,0.61,25.2
Glass,2023-04-15,12.97,2023-04-21,11.22,464.17,2023-04-26,3.05,51.37
Aluminum,2022-04-16,18.71,2022-04-21,15.14,418.77,2022-04-24,9.33,37.66
Glass,2021-01-13,14.59,2021-01-17,11.39,118.57,2021-01-23,6.61,20.41
Glass,2022-07-21,5.8,2022-07-26,5.58,174.54,2022-08-02,1.31,41.28
Glass,2022-08-02,9.71,2022-08-06,8.64,274.15,2022-08-11,2.81,41.73
Paper,2021-06-29,5.15,2021-07-04,3.17,52.94,2021-07-08,0.5,26.7
Paper,2022-10-05,14.34,2022-10-06,8.13,277.56,2022-10-11,7.62,44.14
Paper,2023-02-10,4.02,2023-02-17,2.17,84.54,2023-02-24,0.68,48.96
Glass,2023-01-28,7.54,2023-02-02,5.99,230.44,2023-02-07,5.76,48.47
Glass,2022-09-20,15.21,2022-09-26,13.74,461.39,2022-10-01,13.41,43.58
Paper,2022-06-30,4.67,2022-07-06,2.96,90.25,2022-07-08,2.81,40.49
Aluminum,2021-07-01,13.43,2021-07-05,12.04,202.03,2021-07-12,1.14,26.78
Paper,2022-03-27,3.2,2022-03-30,2.31,62.16,2022-04-01,1.69,36.91
Glass,2021-09-25,1.24,2021-09-26,0.95,19.02,2021-10-03,0.93,30.02
Glass,2021-09-29,15.43,2021-10-02,15.26,307.79,2021-10-06,14.34,30.17
Glass,2022-08-03,2.86,2022-08-07,1.82,57.82,2022-08-12,1.56,41.77
Glass,2023-06-23,6.33,2023-06-28,5.72,251.51,2023-07-02,0.95,53.97
Paper,2023-04-30,19.56,2023-05-06,14.27,598.48,2023-05-07,3.62,51.94
Glass,2023-05-04,15.78,2023-05-08,13.41,564.43,2023-05-10,8.59,52.09
Aluminum,2021-04-07,13.54,2021-04-14,10.25,139.19,2021-04-16,3.25,23.58
Paper,2021-04-25,6.02,2021-05-01,3.05,43.49,2021-05-03,2.25,24.26
Aluminum,2022-11-27,10.71,2022-12-03,8.51,307.55,2022-12-08,4.36,46.14
Aluminum,2023-01-18,19.23,2023-01-21,12.03,458.34,2023-01-23,8.0,48.1
Paper,2023-11-14,11.05,2023-11-16,7.38,364.57,2023-11-19,6.6,59.4
Glass,2023-05-15,10.15,2023-05-20,6.17,262.23,2023-05-23,1.86,52.5
Aluminum,2023-10-22,10.67,2023-10-26,7.74,375.62,2023-10-28,0.57,58.53
Aluminum,2023-07-03,19.52,2023-07-04,19.37,859.06,2023-07-08,13.05,54.35
Glass,2021-05-27,3.7,2021-06-01,2.64,40.81,2021-06-05,0.9,25.46
Glass,2023-07-25,4.54,2023-07-29,4.42,199.7,2023-08-01,4.2,55.18
Aluminum,2023-04-12,12.32,2023-04-17,8.88,366.39,2023-04-24,7.6,51.26
Paper,2021-02-04,6.21,2021-02-06,4.08,45.86,2021-02-12,3.89,21.24
Glass,2023-07-03,9.0,2023-07-10,8.69,385.4,2023-07-13,1.12,54.35
Aluminum,2022-04-18,16.62,2022-04-19,13.59,376.99,2022-04-26,10.57,37.74
Paper,2022-02-14,8.1,2022-02-18,4.12,104.52,2022-02-22,2.75,35.37
Paper,2022-06-14,11.64,2022-06-20,7.34,219.39,2022-06-26,7.12,39.89
Aluminum,2022-11-03,3.08,2022-11-10,3.03,106.78,2022-11-15,1.72,45.24
Glass,2023-05-25,17.52,2023-05-28,12.51,536.43,2023-06-03,8.43,52.88
Glass,2022-07-17,7.63,2022-07-22,7.57,235.65,2022-07-25,4.38,41.13
Glass,2022-05-09,8.54,2022-05-10,7.63,217.68,2022-05-15,6.79,38.53
Aluminum,2022-07-15,7.24,2022-07-21,5.21,161.77,2022-07-25,3.2,41.05
Paper,2021-01-02,16.94,2021-01-04,12.77,127.7,2021-01-05,7.04,20.0
Paper,2021-12-29,19.0,2021-12-30,13.41,316.48,2022-01-04,3.35,33.6
Glass,2023-10-15,2.56,2023-10-22,1.93,93.16,2023-10-23,1.68,58.27
Glass,2022-05-05,19.43,2022-05-09,12.52,355.32,2022-05-13,6.25,38.38
Glass,2022-07-19,10.24,2022-07-24,8.39,261.85,2022-07-25,1.89,41.21
Aluminum,2022-08-08,5.7,2022-08-10,5.64,180.25,2022-08-12,5.44,41.96
Aluminum,2023-06-19,14.26,2023-06-21,8.99,393.94,2023-06-22,7.05,53.82
Aluminum,2023-09-26,2.66,2023-09-30,2.34,111.27,2023-10-06,1.67,57.55
Aluminum,2023-11-19,16.35,2023-11-21,15.79,783.03,2023-11-26,11.64,59.59
Aluminum,2021-11-01,8.65,2021-11-07,6.69,143.23,2021-11-13,2.2,31.41
Aluminum,2023-03-19,13.93,2023-03-25,9.54,385.03,2023-03-29,7.07,50.36
Aluminum,2022-10-06,1.2,2022-10-10,0.81,27.69,2022-10-14,0.52,44.18
Aluminum,2021-10-02,3.93,2021-10-07,3.81,77.27,2021-10-14,3.71,30.28
Paper,2023-05-31,13.52,2023-06-01,9.63,415.15,2023-06-06,8.45,53.11
Aluminum,2023-01-22,10.43,2023-01-27,9.12,348.84,2023-02-01,2.92,48.25
Paper,2021-12-03,2.49,2021-12-04,1.59,35.97,2021-12-05,0.66,32.62
Aluminum,2021-03-13,7.0,2021-03-18,5.31,67.12,2021-03-23,4.05,22.64
Paper,2023-01-02,9.95,2023-01-08,5.73,214.88,2023-01-15,1.19,47.5
Paper,2022-04-10,8.63,2022-04-17,6.32,173.42,2022-04-19,2.45,37.44
Paper,2022-07-09,4.04,2022-07-15,3.17,97.73,2022-07-17,3.08,40.83
Glass,2022-11-16,5.16,2022-11-21,4.05,144.71,2022-11-22,3.09,45.73
Aluminum,2021-12-19,1.26,2021-12-25,0.79,18.34,2021-12-26,0.76,33.22
Aluminum,2023-04-21,8.24,2023-04-28,5.32,221.31,2023-05-05,3.91,51.6
Glass,2021-06-09,2.3,2021-06-13,1.59,25.36,2021-06-14,1.48,25.95
Glass,2023-10-04,3.4,2023-10-06,3.25,155.51,2023-10-11,1.79,57.85
Aluminum,2023-10-28,3.71,2023-10-30,2.67,130.19,2023-10-31,1.48,58.76
Aluminum,2022-06-23,18.31,2022-06-30,13.9,420.2,2022-07-05,1.91,40.23
Aluminum,2021-04-24,14.55,2021-04-25,12.5,177.75,2021-04-27,1.32,24.22
Aluminum,2023-07-24,6.29,2023-07-27,4.04,182.37,2023-07-31,2.15,55.14
Aluminum,2022-12-25,15.56,2022-12-28,15.47,575.33,2023-01-02,7.47,47.19
Paper,2021-03-18,4.04,2021-03-20,2.06,26.41,2021-03-23,1.98,22.82
Aluminum,2023-10-19,7.77,2023-10-26,4.8,232.42,2023-11-02,4.3,58.42
Glass,2023-06-20,6.21,2023-06-22,5.32,233.34,2023-06-27,0.69,53.86
Glass,2022-02-11,1.55,2022-02-15,1.3,32.83,2022-02-16,0.84,35.25
Aluminum,2022-02-17,8.82,2022-02-23,6.34,161.54,2022-02-24,5.69,35.48
Aluminum,2023-10-30,19.39,2023-10-31,16.77,818.88,2023-11-01,7.46,58.83
Glass,2022-09-10,3.5,2022-09-11,2.85,94.62,2022-09-15,1.56,43.2
Glass,2022-10-01,16.17,2022-10-02,10.71,364.03,2022-10-05,9.82,43.99
Paper,2023-03-22,2.0,2023-03-26,1.56,63.13,2023-03-28,1.52,50.47
Aluminum,2022-09-14,3.14,2022-09-16,2.95,98.38,2022-09-20,1.47,43.35
Aluminum,2022-12-27,7.38,2023-01-01,6.44,240.02,2023-01-04,5.48,47.27
Aluminum,2021-04-17,2.54,2021-04-19,2.06,28.74,2021-04-20,0.82,23.95
Paper,2023-05-27,5.15,2023-06-01,2.61,112.13,2023-06-04,2.18,52.96
Aluminum,2021-12-14,11.14,2021-12-17,8.41,193.68,2021-12-20,4.36,33.03
Paper,2021-08-25,15.93,2021-08-29,9.13,172.1,2021-09-03,6.72,28.85
Paper,2023-04-08,2.17,2023-04-11,1.09,44.81,2023-04-17,0.5,51.11
Paper,2021-09-15,13.95,2021-09-18,7.49,147.1,2021-09-24,2.0,29.64
Paper,2022-02-15,5.1,2022-02-22,3.56,90.42,2022-02-24,2.77,35.4
Paper,2021-05-19,2.27,2021-05-24,1.78,26.98,2021-05-28,0.63,25.16
Aluminum,2021-04-01,7.56,2021-04-03,6.09,81.3,2021-04-04,2.08,23.35
Aluminum,2022-05-25,3.68,2022-05-28,2.83,82.44,2022-06-01,0.75,39.13
Paper,2022-03-17,6.99,2022-03-20,4.38,116.2,2022-03-25,2.01,36.53
Glass,2023-11-28,5.84,2023-11-30,5.55,277.06,2023-12-07,1.79,59.92
Paper,2021-05-06,14.24,2021-05-11,10.5,154.03,2021-05-17,2.53,24.67
Paper,2021-03-05,2.1,2021-03-09,1.2,14.81,2021-03-11,0.86,22.34
Aluminum,2023-02-18,4.96,2023-02-22,4.39,172.4,2023-02-28,3.69,49.27
Glass,2021-08-27,6.86,2021-09-02,4.47,84.62,2021-09-08,0.67,28.93
Glass,2023-08-31,3.3,2023-09-03,2.5,116.42,2023-09-10,2.36,56.57
Paper,2023-10-18,10.63,2023-10-20,6.67,322.69,2023-10-21,6.01,58.38
Glass,2022-02-04,17.82,2022-02-05,14.53,363.1,2022-02-06,1.1,34.99
Paper,2022-08-10,10.31,2022-08-16,6.22,199.23,2022-08-18,5.79,42.03
Paper,2022-07-11,18.33,2022-07-12,11.68,360.91,2022-07-16,1.52,40.9
Paper,2022-06-03,8.31,2022-06-10,5.98,176.23,2022-06-16,1.4,39.47
Glass,2023-04-10,18.75,2023-04-14,15.45,636.39,2023-04-15,9.12,51.19
Glass,2023-06-09,19.01,2023-06-11,18.99,825.12,2023-06-14,14.35,53.45
Glass,2022-04-17,7.96,2022-04-21,6.04,167.31,2022-04-22,1.53,37.7
Paper,2021-05-13,9.54,2021-05-20,6.3,94.06,2021-05-26,5.62,24.93
Glass,2021-10-18,17.8,2021-10-20,17.73,370.38,2021-10-27,2.47,30.89
Glass,2023-10-25,16.25,2023-10-30,13.52,657.61,2023-11-04,1.82,58.64
Aluminum,2022-10-18,18.35,2022-10-22,14.14,489.67,2022-10-29,1.05,44.63
Glass,2021-06-11,12.45,2021-06-13,9.62,154.21,2021-06-15,6.4,26.03
Glass,2023-10-30,10.72,2023-10-31,8.02,391.62,2023-11-02,4.25,58.83
Aluminum,2023-09-02,15.13,2023-09-09,9.58,446.91,2023-09-16,6.71,56.65
Aluminum,2022-01-04,5.68,2022-01-06,4.33,103.14,2022-01-07,3.27,33.82
Glass,2021-11-21,17.43,2021-11-24,14.34,317.92,2021-11-25,8.49,32.17
Aluminum,2021-12-08,9.7,2021-12-13,6.21,141.65,2021-12-16,3.07,32.81
Aluminum,2021-04-21,4.59,2021-04-28,4.23,59.69,2021-04-29,2.57,24.11
Aluminum,2023-02-22,17.0,2023-03-01,14.56,573.96,2023-03-03,12.33,49.42
Paper,2021-04-28,3.6,2021-05-02,2.74,39.37,2021-05-09,2.29,24.37
Glass,2021-02-09,3.22,2021-02-10,2.84,32.46,2021-02-11,1.67,21.43
Glass,2022-09-12,7.59,2022-09-15,7.48,248.93,2022-09-17,5.23,43.28
Glass,2021-03-16,2.36,2021-03-17,1.87,23.84,2021-03-24,1.12,22.75
Paper,2022-07-25,6.89,2022-07-27,5.34,167.84,2022-08-01,4.1,41.43
Paper,2022-03-11,14.1,2022-03-15,10.31,271.26,2022-03-17,4.11,36.31
Glass,2022-08-15,17.26,2022-08-16,12.61,406.29,2022-08-21,2.18,42.22
Glass,2021-01-23,5.46,2021-01-24,4.76,51.36,2021-01-29,2.02,20.79
Aluminum,2023-02-25,2.94,2023-03-01,2.7,106.73,2023-03-06,1.71,49.53
Glass,2021-06-15,11.67,2021-06-17,11.43,184.94,2021-06-23,4.25,26.18
Aluminum,2022-01-17,8.93,2022-01-22,6.39,155.34,2022-01-25,3.16,34.31
Aluminum,2022-05-24,2.5,2022-05-28,2.31,67.22,2022-05-30,2.26,39.1
Aluminum,2021-04-11,7.66,2021-04-17,5.41,74.28,2021-04-20,4.03,23.73
Glass,2021-03-18,16.66,2021-03-24,16.13,206.79,2021-03-26,15.38,22.82
Aluminum,2021-06-06,15.27,2021-06-11,10.76,170.44,2021-06-14,6.53,25.84
Paper,2021-07-04,3.99,2021-07-11,2.33,39.35,2021-07-13,1.62,26.89
Glass,2021-07-23,18.58,2021-07-29,16.44,289.51,2021-07-31,5.22,27.61
Paper,2022-03-23,8.76,2022-03-26,5.06,135.41,2022-04-02,1.35,36.76
Aluminum,2021-09-17,1.38,2021-09-20,0.93,18.34,2021-09-22,0.74,29.72
Aluminum,2022-10-29,11.66,2022-10-30,10.89,381.69,2022-11-04,5.25,45.05
Glass,2022-09-30,14.99,2022-10-01,9.31,316.07,2022-10-02,4.84,43.95
Glass,2022-02-22,10.23,2022-02-28,9.31,238.99,2022-03-05,2.39,35.67
Aluminum,2022-03-20,3.02,2022-03-24,2.57,68.49,2022-03-26,2.07,36.65
Paper,2023-01-24,18.95,2023-01-26,14.97,573.65,2023-01-30,8.06,48.32
Glass,2021-08-21,16.19,2021-08-28,10.43,195.04,2021-09-04,7.85,28.7
Glass,2023-06-28,4.97,2023-07-01,3.98,175.76,2023-07-04,0.55,54.16
Aluminum,2023-10-07,9.52,2023-10-14,7.8,374.17,2023-10-19,1.61,57.97
Aluminum,2022-02-06,11.82,2022-02-12,7.27,182.26,2022-02-17,5.57,35.07
Glass,2021-07-14,9.71,2021-07-18,6.8,117.44,2021-07-25,3.08,27.27
Aluminum,2023-10-16,14.56,2023-10-23,13.7,661.85,2023-10-26,3.27,58.31
Paper,2021-06-21,12.06,2021-06-27,7.2,118.08,2021-06-30,4.81,26.4
Paper,2022-05-28,14.68,2022-05-29,8.26,241.6,2022-05-31,2.04,39.25
Glass,2021-06-13,10.95,2021-06-20,10.7,172.27,2021-06-25,5.38,26.1
Glass,2022-08-31,13.13,2022-09-01,8.89,291.77,2022-09-03,3.98,42.82
Glass,2022-08-13,19.25,2022-08-16,14.67,471.64,2022-08-23,6.97,42.15
Paper,2021-10-17,10.03,2021-10-20,6.52,135.94,2021-10-25,3.86,30.85
Aluminum,2023-10-23,13.96,2023-10-29,12.95,628.98,2023-11-04,10.45,58.57
Glass,2022-02-16,8.58,2022-02-19,8.02,204.03,2022-02-23,7.84,35.44
Paper,2022-06-23,7.19,2022-06-30,5.66,171.1,2022-07-06,2.81,40.23
Paper,2022-07-20,18.59,2022-07-25,10.72,334.89,2022-07-29,0.82,41.24
Paper,2021-02-19,12.31,2021-02-22,9.72,114.79,2021-02-25,3.79,21.81
Paper,2022-03-22,8.35,2022-03-26,5.11,136.54,2022-03-29,2.72,36.72
Glass,2023-04-17,10.04,2023-04-22,9.8,406.21,2023-04-28,0.63,51.45
Paper,2021-02-12,7.51,2021-02-13,4.86,56.08,2021-02-15,3.25,21.54
Glass,2023-11-02,2.13,2023-11-03,1.58,77.34,2023-11-08,1.2,58.95
Paper,2022-03-18,7.13,2022-03-23,4.52,120.1,2022-03-30,1.99,36.57
Glass,2023-08-08,9.44,2023-08-13,6.41,293.0,2023-08-18,2.55,55.71
Aluminum,2023-06-21,19.19,2023-06-25,14.84,651.48,2023-07-01,1.72,53.9
Paper,2022-07-04,12.51,2022-07-10,8.5,260.44,2022-07-14,5.06,40.64
Glass,2021-03-31,19.16,2021-04-01,18.16,241.71,2021-04-07,16.35,23.31
Paper,2022-04-13,18.96,2022-04-18,12.33,339.69,2022-04-21,0.56,37.55
Paper,2023-09-19,17.3,2023-09-25,12.65,598.22,2023-09-30,6.59,57.29
Aluminum,2021-05-08,11.57,2021-05-09,9.58,141.31,2021-05-15,2.64,24.75
Paper,2022-09-10,6.96,2022-09-17,3.76,124.83,2022-09-19,2.06,43.2
Glass,2022-08-28,12.16,2022-08-31,8.17,267.24,2022-09-05,4.48,42.71
Aluminum,2022-01-22,7.03,2022-01-26,5.02,122.99,2022-01-27,4.08,34.5
Glass,2023-07-12,13.8,2023-07-19,10.59,473.27,2023-07-23,8.94,54.69
Paper,2023-06-17,8.53,2023-06-19,6.58,287.88,2023-06-22,4.64,53.75
Aluminum,2022-07-13,17.46,2022-07-16,12.88,399.02,2022-07-20,11.23,40.98
Glass,2021-12-12,13.69,2021-12-18,12.41,284.93,2021-12-22,12.32,32.96
Paper,2022-02-03,11.56,2022-02-04,6.51,162.42,2022-02-05,3.54,34.95
Paper,2023-03-20,18.12,2023-03-24,11.87,479.55,2023-03-25,11.54,50.4
Aluminum,2023-06-16,17.23,2023-06-23,16.05,701.55,2023-06-29,4.21,53.71
Glass,2022-03-22,12.82,2022-03-27,10.86,290.18,2022-04-01,4.78,36.72
Glass,2021-04-21,5.4,2021-04-22,4.22,59.54,2021-04-23,4.18,24.11
Aluminum,2022-10-07,16.38,2022-10-09,14.31,489.69,2022-10-13,11.28,44.22
Glass,2022-01-30,4.55,2022-02-01,3.34,82.83,2022-02-04,1.58,34.8
Aluminum,2022-05-18,11.0,2022-05-24,7.07,204.11,2022-05-30,1.67,38.87
Glass,2023-08-27,4.74,2023-09-03,3.13,145.29,2023-09-08,1.76,56.42
Aluminum,2023-10-17,14.61,2023-10-19,10.98,530.77,2023-10-26,6.08,58.34
Paper,2023-01-19,7.73,2023-01-22,5.25,200.24,2023-01-26,0.99,48.14
Aluminum,2023-11-02,17.56,2023-11-08,10.68,522.79,2023-11-15,4.09,58.95
Paper,2022-06-26,16.0,2022-07-03,10.87,329.8,2022-07-07,6.25,40.34
Glass,2021-01-11,19.54,2021-01-16,18.36,189.84,2021-01-23,9.67,20.34
Paper,2022-10-29,19.97,2022-11-04,15.21,533.11,2022-11-06,8.81,45.05
Glass,2021-08-08,16.5,2021-08-15,15.79,287.54,2021-08-18,14.06,28.21
Paper,2022-09-21,10.98,2022-09-28,8.08,271.65,2022-09-29,7.48,43.62
Paper,2022-12-29,9.33,2022-12-30,5.08,189.69,2023-01-04,1.96,47.34
Paper,2023-03-23,15.47,2023-03-29,8.69,352.03,2023-03-30,4.67,50.51
Aluminum,2021-05-14,17.64,2021-05-15,11.73,175.6,2021-05-18,3.87,24.97
Aluminum,2022-07-11,9.78,2022-07-13,7.01,216.61,2022-07-17,6.54,40.9
Aluminum,2023-08-31,17.25,2023-09-06,14.09,656.17,2023-09-11,13.92,56.57
Paper,2021-12-30,18.4,2021-12-31,11.98,283.09,2022-01-03,9.65,33.63
Glass,2023-09-07,14.14,2023-09-10,12.65,592.53,2023-09-12,9.73,56.84
Paper,2023-07-02,14.91,2023-07-05,11.47,508.24,2023-07-06,5.76,54.31
Glass,2021-11-26,2.77,2021-12-03,1.76,39.34,2021-12-06,1.65,32.35
Paper,2021-03-29,16.86,2021-04-03,12.06,159.67,2021-04-06,1.44,23.24
Glass,2022-05-13,1.08,2022-05-17,0.73,20.94,2022-05-20,0.56,38.68
Glass,2023-03-31,1.32,2023-04-06,1.18,48.16,2023-04-13,0.86,50.81
Glass,2022-11-02,18.24,2022-11-09,14.78,520.26,2022-11-16,1.71,45.2
Paper,2023-03-12,1.01,2023-03-17,0.71,28.46,2023-03-21,0.62,50.09
Paper,2021-01-27,4.07,2021-01-31,3.05,33.37,2021-02-02,2.21,20.94
Aluminum,2021-10-29,2.91,2021-10-30,2.79,59.43,2021-11-05,2.42,31.3
Aluminum,2021-12-04,11.44,2021-12-11,10.8,244.73,2021-12-15,7.65,32.66
Paper,2023-02-06,17.8,2023-02-13,10.46,405.95,2023-02-19,6.87,48.81
Aluminum,2022-07-29,16.35,2022-08-01,10.55,333.17,2022-08-08,4.89,41.58
Paper,2022-05-05,15.28,2022-05-10,7.68,217.96,2022-05-12,4.0,38.38
Paper,2021-02-11,16.13,2021-02-18,11.14,128.22,2021-02-20,8.3,21.51
Paper,2021-02-20,1.0,2021-02-24,0.68,8.06,2021-03-03,0.55,21.85
Paper,2023-11-19,6.73,2023-11-22,4.62,229.11,2023-11-25,4.23,59.59
Paper,2022-12-22,12.93,2022-12-25,9.29,344.47,2022-12-30,4.58,47.08
Glass,2021-11-30,4.2,2021-12-02,3.38,76.05,2021-12-03,2.71,32.5
Glass,2021-08-20,1.82,2021-08-24,1.25,23.32,2021-08-28,1.11,28.66
Glass,2021-11-18,13.98,2021-11-25,11.91,262.62,2021-11-29,10.87,32.05
Paper,2021-07-27,6.77,2021-07-31,4.07,72.28,2021-08-03,1.1,27.76
Paper,2021-08-02,17.38,2021-08-04,13.65,245.43,2021-08-09,11.75,27.98
Paper,2022-10-04,17.33,2022-10-07,12.63,430.81,2022-10-10,3.04,44.11
Aluminum,2022-08-17,7.87,2022-08-19,5.59,180.56,2022-08-26,4.2,42.3
Paper,2021-10-31,15.28,2021-11-07,11.25,240.41,2021-11-11,8.12,31.37
Aluminum,2021-03-30,2.49,2021-04-06,2.38,31.61,2021-04-12,1.52,23.28
Paper,2022-09-07,19.02,2022-09-11,12.37,409.32,2022-09-12,8.86,43.09
Glass,2021-09-09,9.52,2021-09-12,9.34,181.38,2021-09-19,9.22,29.42
Paper,2022-08-24,13.51,2022-08-31,8.82,287.18,2022-09-03,2.55,42.56
Aluminum,2022-09-12,4.52,2022-09-14,3.11,103.5,2022-09-21,2.11,43.28
Aluminum,2023-06-12,18.73,2023-06-18,13.52,588.93,2023-06-25,11.03,53.56
Paper,2023-11-22,3.69,2023-11-27,2.73,135.68,2023-11-29,2.51,59.7
Paper,2022-02-27,15.14,2022-03-03,11.8,305.15,2022-03-07,5.27,35.86
Glass,2023-07-28,11.82,2023-08-03,7.4,335.15,2023-08-10,4.54,55.29
Glass,2023-01-02,14.24,2023-01-06,11.66,437.25,2023-01-09,5.3,47.5
Aluminum,2021-10-14,8.51,2021-10-18,6.82,141.38,2021-10-19,3.09,30.73
Aluminum,2022-10-04,13.16,2022-10-11,8.19,279.36,2022-10-17,7.29,44.11
Aluminum,2022-02-19,12.76,2022-02-21,10.61,271.19,2022-02-23,0.53,35.56
Paper,2021-05-25,16.12,2021-05-29,8.91,137.12,2021-05-31,7.61,25.39
Aluminum,2022-10-13,11.87,2022-10-16,9.84,338.89,2022-10-17,5.69,44.44
Aluminum,2023-02-28,2.08,2023-03-06,1.78,70.56,2023-03-12,1.2,49.64
Aluminum,2023-11-11,10.43,2023-11-18,9.7,478.02,2023-11-19,0.59,59.28
Glass,2021-02-16,11.94,2021-02-23,9.49,110.94,2021-02-26,6.29,21.69
Glass,2021-04-07,19.22,2021-04-08,14.51,197.05,2021-04-15,7.09,23.58
Aluminum,2021-01-26,6.53,2021-01-30,6.18,67.36,2021-02-04,3.34,20.9
Paper,2021-10-18,3.4,2021-10-22,1.88,39.27,2021-10-28,1.23,30.89
Glass,2021-04-17,18.49,2021-04-21,16.66,232.41,2021-04-23,13.25,23.95
Glass,2021-07-19,14.42,2021-07-20,14.41,251.6,2021-07-23,11.61,27.46
Paper,2021-12-21,17.67,2021-12-26,10.7,249.31,2021-12-29,8.36,33.3
Aluminum,2023-08-09,2.55,2023-08-14,1.92,87.82,2023-08-17,1.69,55.74
Glass,2021-12-09,13.71,2021-12-12,9.93,226.8,2021-12-18,8.94,32.84
Glass,2022-03-16,10.38,2022-03-20,7.0,185.5,2022-03-22,2.51,36.5
Glass,2022-09-01,8.43,2022-09-08,7.11,233.63,2022-09-11,5.3,42.86
Aluminum,2022-07-10,9.41,2022-07-12,5.65,174.42,2022-07-18,1.6,40.87
Aluminum,2022-09-29,10.83,2022-10-01,8.85,300.19,2022-10-07,7.31,43.92
Paper,2023-07-22,18.21,2023-07-26,11.79,531.38,2023-08-01,8.67,55.07
Paper,2021-03-15,7.7,2021-03-20,5.94,75.5,2021-03-24,2.35,22.71
Aluminum,2023-02-08,6.64,2023-02-14,4.74,184.34,2023-02-15,0.72,48.89
Aluminum,2021-09-26,1.12,2021-09-30,0.97,19.46,2021-10-03,0.91,30.06
Paper,2021-10-30,19.35,2021-11-06,10.59,225.99,2021-11-09,1.64,31.34
Glass,2021-08-26,8.76,2021-09-02,5.47,103.33,2021-09-03,1.53,28.89
Glass,2023-09-04,6.38,2023-09-10,4.56,213.04,2023-09-17,1.9,56.72
Glass,2022-09-14,4.38,2022-09-21,4.0,133.4,2022-09-28,2.24,43.35
Paper,2022-02-01,11.58,2022-02-03,8.0,199.04,2022-02-06,5.91,34.88
Glass,2023-04-23,3.26,2023-04-30,2.46,102.53,2023-05-04,1.11,51.68
Glass,2022-06-03,1.12,2022-06-06,0.77,22.69,2022-06-11,0.6,39.47
Aluminum,2022-02-01,12.84,2022-02-07,11.55,287.36,2022-02-09,9.5,34.88
Paper,2021-01-13,13.01,2021-01-20,9.38,97.65,2021-01-23,3.43,20.41
Aluminum,2022-08-23,15.8,2022-08-27,9.64,313.49,2022-08-28,7.96,42.52
Aluminum,2021-03-09,5.58,2021-03-11,4.14,51.71,2021-03-18,1.21,22.49
Glass,2022-11-07,6.24,2022-11-08,4.01,141.91,2022-11-11,3.2,45.39
Glass,2023-09-11,7.11,2023-09-12,5.99,281.47,2023-09-18,4.21,56.99
Paper,2022-11-20,7.07,2022-11-23,3.98,142.8,2022-11-24,3.69,45.88
Glass,2023-03-15,2.3,2023-03-22,2.03,81.63,2023-03-27,1.42,50.21
Glass,2023-05-13,19.14,2023-05-17,12.14,515.1,2023-05-22,6.3,52.43
Paper,2021-02-10,6.36,2021-02-16,4.43,50.81,2021-02-22,1.61,21.47
Glass,2021-01-18,17.74,2021-01-21,16.47,174.58,2021-01-25,8.63,20.6
Paper,2023-08-18,19.61,2023-08-21,12.92,595.35,2023-08-23,6.44,56.08
Paper,2021-10-04,13.36,2021-10-09,10.59,215.61,2021-10-11,9.65,30.36
Paper,2023-11-05,11.74,2023-11-10,6.99,342.93,2023-11-16,5.35,59.06
Paper,2023-03-10,12.66,2023-03-17,8.55,342.17,2023-03-23,6.08,50.02
Glass,2022-06-16,3.05,2022-06-21,2.52,75.5,2022-06-22,1.33,39.96
Glass,2022-05-19,18.36,2022-05-26,16.46,475.86,2022-06-01,13.25,38.91
Paper,2023-02-13,19.45,2023-02-18,14.87,581.12,2023-02-19,5.37,49.08
Paper,2021-11-07,8.9,2021-11-13,7.07,152.99,2021-11-14,1.68,31.64
Paper,2021-11-10,2.37,2021-11-13,1.25,27.19,2021-11-16,0.75,31.75
Aluminum,2022-05-14,3.36,2022-05-19,2.96,85.01,2022-05-21,1.55,38.72
Aluminum,2023-09-18,1.42,2023-09-25,0.9,42.52,2023-10-02,0.64,57.25
Glass,2022-02-25,4.11,2022-02-26,2.72,70.12,2022-03-02,2.48,35.78
Aluminum,2021-10-13,12.11,2021-10-18,9.15,189.41,2021-10-22,5.56,30.7
Aluminum,2023-08-07,19.25,2023-08-14,15.53,709.26,2023-08-15,10.31,55.67
Paper,2022-09-23,10.27,2022-09-27,5.71,192.37,2022-10-04,1.52,43.69
Paper,2021-06-23,3.84,2021-06-25,2.52,41.53,2021-07-02,1.44,26.48
Paper,2023-11-23,15.51,2023-11-29,7.9,392.95,2023-12-03,4.79,59.74
Aluminum,2021-08-29,6.38,2021-09-04,6.37,121.03,2021-09-06,0.7,29.0
Glass,2023-02-23,16.6,2023-02-27,10.37,409.1,2023-03-02,6.44,49.45
Glass,2021-09-04,11.92,2021-09-05,7.58,145.76,2021-09-09,3.66,29.23
Glass,2022-02-13,7.68,2022-02-14,5.13,129.94,2022-02-19,2.77,35.33
Paper,2021-03-16,6.25,2021-03-20,3.32,42.33,2021-03-24,2.23,22.75
Glass,2021-11-17,16.94,2021-11-21,16.58,365.09,2021-11-28,12.46,32.02
Paper,2022-10-25,18.0,2022-10-30,14.34,500.47,2022-11-05,13.24,44.9
Paper,2023-11-13,4.81,2023-11-14,3.29,162.39,2023-11-15,0.73,59.36
Paper,2022-07-03,3.26,2022-07-09,1.66,50.8,2022-07-11,0.58,40.6
Paper,2023-07-26,9.02,2023-07-27,4.81,217.51,2023-08-03,4.54,55.22
Glass,2021-03-10,8.19,2021-03-12,6.28,78.63,2021-03-19,6.11,22.52
Glass,2022-10-22,1.8,2022-10-27,1.58,54.95,2022-11-01,1.43,44.78
Aluminum,2021-06-05,4.03,2021-06-07,3.35,52.93,2021-06-09,0.74,25.8
Glass,2021-05-11,3.81,2021-05-17,3.59,53.35,2021-05-22,0.88,24.86
Glass,2023-07-29,19.47,2023-08-04,13.1,593.82,2023-08-05,4.81,55.33
Aluminum,2021-11-26,3.77,2021-11-30,2.31,51.63,2021-12-03,1.59,32.35
Aluminum,2021-05-30,4.91,2021-05-31,4.34,67.57,2021-06-05,4.3,25.57
Glass,2022-04-16,5.47,2022-04-22,4.79,132.49,2022-04-26,0.59,37.66
Paper,2021-05-27,3.05,2021-06-01,2.2,34.01,2021-06-04,0.94,25.46
Glass,2022-10-09,8.43,2022-10-16,5.41,185.51,2022-10-23,5.26,44.29
Glass,2022-03-28,12.64,2022-03-30,11.17,301.03,2022-03-31,0.85,36.95
Paper,2021-12-14,10.16,2021-12-19,5.26,121.14,2021-12-26,2.47,33.03
Aluminum,2021-12-03,7.27,2021-12-05,4.72,106.77,2021-12-08,4.22,32.62
Glass,2022-02-08,1.05,2022-02-14,1.02,25.64,2022-02-16,0.62,35.14
Glass,2022-10-30,5.2,2022-11-02,4.54,159.26,2022-11-06,2.85,45.08
Paper,2023-01-07,14.29,2023-01-08,7.94,299.18,2023-01-11,5.0,47.68
Glass,2022-09-13,14.11,2022-09-18,8.75,291.46,2022-09-24,0.76,43.31
Glass,2022-01-14,9.42,2022-01-19,7.61,184.16,2022-01-22,6.8,34.2
Glass,2021-11-14,17.34,2021-11-16,16.4,359.16,2021-11-23,5.53,31.9
Glass,2021-11-01,15.88,2021-11-03,15.84,339.13,2021-11-04,10.14,31.41
Paper,2022-09-13,5.84,2022-09-19,4.62,153.89,2022-09-23,1.6,43.31
Paper,2022-09-22,15.47,2022-09-27,8.73,293.76,2022-09-28,1.21,43.65
Glass,2021-01-25,10.58,2021-01-30,9.75,105.98,2021-02-02,3.26,20.87
Paper,2022-08-09,7.81,2022-08-13,4.21,134.72,2022-08-19,2.31,42.0
Paper,2023-09-03,6.71,2023-09-05,3.61,168.55,2023-09-07,2.24,56.69
Glass,2021-07-09,13.34,2021-07-12,12.16,207.69,2021-07-17,1.97,27.08
Paper,2023-07-28,16.35,2023-08-04,12.65,572.92,2023-08-09,2.71,55.29
Glass,2021-06-01,5.88,2021-06-08,5.83,91.24,2021-06-12,2.71,25.65
Aluminum,2022-02-08,16.72,2022-02-13,13.05,328.08,2022-02-14,6.26,35.14
Aluminum,2021-02-18,6.32,2021-02-20,5.84,68.74,2021-02-25,3.96,21.77
Glass,2023-10-07,16.84,2023-10-10,14.6,700.36,2023-10-17,4.45,57.97
Aluminum,2021-06-02,9.38,2021-06-07,9.09,142.62,2021-06-11,4.22,25.69
Glass,2021-09-13,5.55,2021-09-17,4.21,82.39,2021-09-23,1.97,29.57
Glass,2021-09-14,19.51,2021-09-17,17.68,346.53,2021-09-19,5.03,29.6
Paper,2022-10-09,3.72,2022-10-10,2.72,93.27,2022-10-16,1.86,44.29
Paper,2022-04-04,1.2,2022-04-10,0.76,20.68,2022-04-17,0.53,37.21
Paper,2022-10-19,7.96,2022-10-21,4.43,153.59,2022-10-24,3.61,44.67
Paper,2022-03-16,10.94,2022-03-18,7.76,205.64,2022-03-21,1.2,36.5
Glass,2022-05-12,7.25,2022-05-17,4.52,129.45,2022-05-21,2.97,38.64
Glass,2021-12-10,6.13,2021-12-15,3.93,89.92,2021-12-22,3.27,32.88
Glass,2022-01-22,10.44,2022-01-25,9.6,235.2,2022-01-30,5.1,34.5
Glass,2021-01-06,4.43,2021-01-10,2.68,27.2,2021-01-14,2.37,20.15
Aluminum,2021-04-03,6.83,2021-04-04,5.24,70.37,2021-04-08,0.64,23.43
Aluminum,2021-07-07,12.84,2021-07-10,12.09,205.65,2021-07-15,5.75,27.01
Paper,2023-10-17,1.23,2023-10-24,0.98,47.37,2023-10-26,0.81,58.34
Glass,2021-03-13,8.66,2021-03-20,5.94,75.08,2021-03-23,3.6,22.64
Aluminum,2023-08-27,15.1,2023-08-29,10.39,482.3,2023-09-01,6.87,56.42
Aluminum,2022-06-06,9.25,2022-06-08,8.07,238.79,2022-06-09,3.84,39.59
Aluminum,2022-06-13,19.63,2022-06-18,16.35,488.05,2022-06-24,5.74,39.85
Glass,2023-05-29,8.3,2023-06-01,6.59,283.57,2023-06-02,3.17,53.03
Paper,2022-06-11,2.07,2022-06-13,1.39,41.38,2022-06-15,0.88,39.77
Paper,2022-03-02,8.3,2022-03-06,6.26,162.57,2022-03-10,0.77,35.97
Paper,2022-04-28,15.58,2022-04-29,11.84,332.94,2022-04-30,4.31,38.12
Paper,2022-02-19,19.14,2022-02-26,14.35,366.79,2022-03-01,3.21,35.56
Aluminum,2022-03-22,13.73,2022-03-29,8.94,238.88,2022-03-31,1.69,36.72
Paper,2021-11-29,19.76,2021-12-04,12.76,286.72,2021-12-08,11.84,32.47
Paper,2023-06-16,5.38,2023-06-18,3.94,172.22,2023-06-23,1.02,53.71
Glass,2023-03-21,10.61,2023-03-24,9.65,390.15,2023-03-29,8.76,50.43
Paper,2021-11-24,7.25,2021-11-25,3.96,88.23,2021-11-29,2.35,32.28
Glass,2023-09-28,19.06,2023-10-03,16.23,773.03,2023-10-10,8.08,57.63
Aluminum,2023-03-08,5.09,2023-03-10,3.35,133.8,2023-03-16,3.12,49.94
Paper,2022-03-01,3.24,2022-03-03,1.86,48.23,2022-03-07,1.09,35.93
Aluminum,2022-01-31,7.07,2022-02-01,6.64,164.94,2022-02-07,1.88,34.84
Paper,2021-11-02,2.13,2021-11-06,1.46,31.32,2021-11-09,1.02,31.45
Aluminum,2023-04-06,3.52,2023-04-12,2.68,109.99,2023-04-15,0.79,51.04
Paper,2022-12-28,10.06,2023-01-02,5.67,211.55,2023-01-09,4.79,47.31
Glass,2023-05-19,19.81,2023-05-20,16.8,716.69,2023-05-25,6.76,52.66
Aluminum,2022-04-12,17.86,2022-04-16,14.34,394.49,2022-04-20,6.61,37.51
Paper,2023-05-07,18.34,2023-05-14,9.43,397.95,2023-05-18,6.17,52.2
Glass,2022-10-21,8.17,2022-10-27,7.23,251.24,2022-10-30,3.58,44.75
Aluminum,2023-10-15,9.65,2023-10-19,6.03,291.07,2023-10-21,4.14,58.27
Aluminum,2022-04-26,3.77,2022-04-28,2.66,74.59,2022-04-30,1.38,38.04
Glass,2022-12-10,3.43,2022-12-17,3.22,117.95,2022-12-20,2.59,46.63
Paper,2023-06-06,14.3,2023-06-11,7.33,317.61,2023-06-15,2.18,53.33
Glass,2021-07-01,13.62,2021-07-02,11.49,192.8,2021-07-08,2.22,26.78
Glass,2021-11-04,5.69,2021-11-06,5.19,111.74,2021-11-12,1.75,31.53
Glass,2023-06-21,7.88,2023-06-28,7.64,335.4,2023-06-29,4.32,53.9
Paper,2021-09-08,1.45,2021-09-11,0.85,16.47,2021-09-15,0.67,29.38
Glass,2022-09-29,4.69,2022-10-03,3.02,102.44,2022-10-10,2.89,43.92
Aluminum,2022-04-11,9.74,2022-04-14,9.7,266.56,2022-04-20,2.52,37.48
Paper,2021-11-23,2.73,2021-11-26,1.53,34.03,2021-11-30,1.52,32.24
Paper,2023-09-15,3.75,2023-09-18,2.57,121.15,2023-09-24,2.47,57.14
Paper,2021-06-28,14.38,2021-06-29,9.47,157.86,2021-06-30,5.22,26.67
Paper,2022-06-18,8.73,2022-06-23,6.05,181.74,2022-06-28,1.01,40.04
Aluminum,2022-11-10,5.29,2022-11-17,4.44,157.62,2022-11-21,2.77,45.5
Aluminum,2023-01-07,18.96,2023-01-11,12.24,461.2,2023-01-12,1.48,47.68
Aluminum,2022-09-09,18.29,2022-09-11,15.44,511.99,2022-09-13,9.27,43.16
Paper,2023-06-23,2.3,2023-06-29,1.53,67.27,2023-07-01,1.31,53.97
Aluminum,2023-06-14,12.64,2023-06-21,10.4,453.75,2023-06-27,8.12,53.63
Glass,2023-02-27,14.77,2023-03-02,11.03,436.79,2023-03-08,4.09,49.6
Paper,2023-03-03,13.31,2023-03-09,7.08,281.5,2023-03-11,4.88,49.76
Aluminum,2023-09-12,5.53,2023-09-17,5.45,256.26,2023-09-23,0.51,57.02
Aluminum,2022-12-12,17.13,2022-12-17,14.58,535.09,2022-12-21,11.01,46.7
Aluminum,2023-06-29,19.76,2023-07-05,14.75,651.95,2023-07-11,4.09,54.2
Glass,2022-01-24,11.28,2022-01-25,8.7,213.85,2022-01-30,5.84,34.58
Aluminum,2021-08-01,4.52,2021-08-06,3.49,62.65,2021-08-12,1.17,27.95
Glass,2022-10-27,4.94,2022-10-29,4.3,150.37,2022-10-31,1.55,44.97
Aluminum,2021-01-20,18.73,2021-01-26,15.2,162.34,2021-01-31,4.58,20.68
Aluminum,2022-11-11,1.74,2022-11-12,1.65,58.64,2022-11-16,0.59,45.54
Aluminum,2023-08-21,3.72,2023-08-27,3.43,158.47,2023-09-03,1.29,56.2
Paper,2023-09-01,18.56,2023-09-04,12.92,602.2,2023-09-07,8.25,56.61
Aluminum,2023-09-09,12.53,2023-09-14,10.87,509.91,2023-09-16,6.43,56.91
Glass,2022-07-10,3.5,2022-07-12,3.14,96.93,2022-07-15,2.66,40.87
Glass,2022-11-27,6.99,2022-12-02,6.9,249.37,2022-12-08,2.98,46.14
Aluminum,2021-06-21,1.96,2021-06-25,1.63,26.73,2021-06-29,1.24,26.4
Glass,2022-02-17,12.18,2022-02-23,10.78,274.67,2022-02-28,5.47,35.48
Aluminum,2021-04-15,7.59,2021-04-21,5.27,73.15,2021-04-27,4.02,23.88
Paper,2021-09-24,1.46,2021-09-26,0.96,19.18,2021-10-02,0.75,29.98
Glass,2023-07-04,4.02,2023-07-08,2.8,124.29,2023-07-15,1.51,54.39
Glass,2022-08-22,9.75,2022-08-28,7.76,252.12,2022-08-29,3.55,42.49
Aluminum,2023-03-11,12.98,2023-03-12,8.65,346.52,2023-03-13,1.49,50.06
Aluminum,2023-05-01,1.06,2023-05-03,0.75,31.48,2023-05-05,0.65,51.98
Glass,2023-05-22,13.41,2023-05-25,11.71,500.84,2023-05-29,0.61,52.77
Aluminum,2021-11-15,1.79,2021-11-21,1.6,35.1,2021-11-25,1.0,31.94
Aluminum,2021-05-06,1.11,2021-05-12,1.0,14.67,2021-05-16,0.61,24.67
Aluminum,2022-02-24,7.27,2022-02-25,4.51,116.09,2022-03-02,2.83,35.74
Paper,2022-07-23,12.31,2022-07-26,7.56,237.08,2022-07-27,4.13,41.36
Paper,2021-08-19,8.75,2021-08-24,5.09,94.83,2021-08-31,2.15,28.63
Paper,2023-06-25,9.39,2023-06-30,7.09,312.31,2023-07-06,1.25,54.05
Paper,2022-04-08,4.22,2022-04-14,2.92,79.89,2022-04-19,2.08,37.36
Glass,2021-12-16,8.15,2021-12-20,5.45,125.95,2021-12-26,4.96,33.11
Aluminum,2021-07-25,10.05,2021-07-27,7.34,129.77,2021-08-02,5.14,27.68
Aluminum,2023-05-10,7.22,2023-05-15,6.53,276.35,2023-05-18,2.88,52.32
Aluminum,2021-09-27,17.3,2021-10-04,14.46,290.5,2021-10-09,12.74,30.09
Paper,2021-04-24,5.04,2021-04-25,3.94,56.03,2021-04-29,3.8,24.22
Paper,2021-03-25,1.47,2021-03-30,0.98,12.83,2021-04-06,0.76,23.09
Glass,2023-03-07,9.02,2023-03-12,8.62,344.02,2023-03-14,7.68,49.91
Glass,2021-07-26,17.53,2021-07-28,12.06,213.7,2021-08-02,4.04,27.72
Paper,2023-08-07,13.22,2023-08-10,7.7,351.66,2023-08-11,7.15,55.67
Paper,2022-06-05,8.47,2022-06-07,5.42,160.16,2022-06-08,3.64,39.55
Glass,2022-02-03,9.72,2022-02-10,7.72,192.61,2022-02-17,6.07,34.95
Glass,2022-07-31,2.25,2022-08-01,1.93,61.1,2022-08-04,0.74,41.66
Aluminum,2021-09-04,3.27,2021-09-09,3.08,59.23,2021-09-12,1.36,29.23
Aluminum,2022-02-11,10.68,2022-02-18,9.61,242.65,2022-02-25,2.53,35.25
Glass,2021-01-10,14.85,2021-01-17,10.98,113.09,2021-01-23,9.87,20.3
Paper,2021-10-28,3.25,2021-10-29,2.0,42.52,2021-11-01,0.94,31.26
Glass,2021-02-26,4.08,2021-03-02,3.15,38.02,2021-03-07,1.16,22.07
Paper,2021-08-22,12.58,2021-08-27,6.46,121.06,2021-08-30,5.88,28.74
Aluminum,2021-11-22,2.71,2021-11-28,2.17,48.17,2021-12-03,0.75,32.2
Paper,2022-09-05,12.79,2022-09-08,9.63,317.89,2022-09-13,9.0,43.01
Paper,2022-08-21,14.09,2022-08-28,9.91,321.58,2022-09-03,5.3,42.45
Glass,2022-08-11,5.02,2022-08-13,3.77,120.9,2022-08-20,3.02,42.07
Glass,2021-02-06,18.82,2021-02-11,16.2,183.38,2021-02-17,11.79,21.32
Aluminum,2023-08-05,7.67,2023-08-06,7.65,348.76,2023-08-07,5.52,55.59
Aluminum,2023-04-02,1.21,2023-04-08,1.12,45.8,2023-04-11,0.63,50.89
Glass,2022-01-03,2.21,2022-01-07,2.14,50.91,2022-01-08,1.18,33.79
Paper,2022-08-01,9.87,2022-08-06,5.22,165.42,2022-08-08,0.97,41.69
Aluminum,2022-03-05,10.49,2022-03-06,7.78,202.9,2022-03-09,0.98,36.08
Glass,2022-07-02,18.04,2022-07-05,18.03,551.0,2022-07-11,16.66,40.56
Aluminum,2022-08-22,17.72,2022-08-24,15.08,489.95,2022-08-29,5.83,42.49
Paper,2021-12-08,12.31,2021-12-14,7.53,171.76,2021-12-16,1.3,32.81
Paper,2021-06-14,17.88,2021-06-19,13.65,220.31,2021-06-24,13.36,26.14
Glass,2023-06-02,16.98,2023-06-03,13.26,572.57,2023-06-05,5.58,53.18
Aluminum,2023-11-26,18.89,2023-11-29,17.0,847.45,2023-12-06,6.35,59.85
Paper,2022-11-29,5.05,2022-12-05,3.87,140.13,2022-12-10,3.67,46.21
Glass,2023-04-11,19.76,2023-04-12,12.34,508.65,2023-04-18,1.19,51.22
Paper,2021-01-30,4.87,2021-01-31,3.46,38.23,2021-02-04,2.97,21.05
Glass,2022-08-25,13.53,2022-08-29,10.9,355.34,2022-08-30,6.49,42.6
Aluminum,2021-01-03,9.64,2021-01-09,6.52,65.46,2021-01-14,6.47,20.04
Aluminum,2021-02-21,14.41,2021-02-27,9.49,112.74,2021-03-04,3.77,21.88
Paper,2022-12-02,1.25,2022-12-07,0.76,27.61,2022-12-14,0.75,46.33
Paper,2021-03-23,2.58,2021-03-24,1.7,22.12,2021-03-28,1.37,23.01
Aluminum,2021-12-21,16.38,2021-12-25,15.54,362.08,2021-12-30,11.39,33.3
Paper,2023-05-05,19.48,2023-05-09,11.74,494.61,2023-05-14,11.47,52.13
Paper,2021-08-21,14.99,2021-08-26,11.59,216.73,2021-08-29,6.14,28.7
Glass,2023-08-12,14.01,2023-08-16,12.88,590.68,2023-08-19,4.41,55.86
Paper,2022-06-17,10.42,2022-06-23,7.32,219.6,2022-06-27,1.62,40.0
Aluminum,2023-10-31,1.18,2023-11-07,0.72,35.19,2023-11-13,0.56,58.87
Aluminum,2022-04-15,4.49,2022-04-19,3.53,97.53,2022-04-20,2.22,37.63
Aluminum,2022-04-21,6.92,2022-04-25,5.77,160.69,2022-05-01,5.4,37.85
Aluminum,2022-05-31,12.81,2022-06-06,11.8,346.45,2022-06-07,10.65,39.36
Glass,2022-03-19,17.53,2022-03-22,12.7,337.95,2022-03-29,1.49,36.61
Paper,2021-03-20,13.63,2021-03-21,10.52,135.71,2021-03-28,3.56,22.9
Aluminum,2022-11-05,17.02,2022-11-07,10.79,380.99,2022-11-09,6.52,45.31
Paper,2022-06-25,16.17,2022-06-30,8.34,252.7,2022-07-01,2.98,40.3
Glass,2022-01-29,19.47,2022-02-01,17.54,434.29,2022-02-04,6.5,34.76
Paper,2023-11-28,17.2,2023-12-02,11.65,581.57,2023-12-03,5.62,59.92
Paper,2021-07-01,5.48,2021-07-04,3.51,58.9,2021-07-07,0.82,26.78
Glass,2022-10-11,4.88,2022-10-13,3.71,127.51,2022-10-18,2.71,44.37
Paper,2023-04-22,17.9,2023-04-28,12.21,508.42,2023-05-05,1.59,51.64
Aluminum,2023-03-09,13.94,2023-03-13,10.73,428.99,2023-03-16,9.73,49.98
Paper,2023-07-01,7.36,2023-07-05,5.67,251.01,2023-07-12,5.13,54.27
Glass,2022-04-11,9.44,2022-04-16,7.21,198.13,2022-04-18,7.02,37.48
Aluminum,2023-04-27,8.33,2023-05-03,6.79,284.03,2023-05-04,5.83,51.83
Aluminum,2021-08-12,4.16,2021-08-19,3.76,69.03,2021-08-26,0.79,28.36
Glass,2022-08-04,14.88,2022-08-07,11.21,356.59,2022-08-12,4.45,41.81
Aluminum,2022-11-21,8.1,2022-11-25,6.61,237.37,2022-12-02,0.59,45.91
Glass,2021-12-27,5.3,2022-01-01,4.4,103.49,2022-01-02,2.9,33.52
Aluminum,2021-08-24,12.76,2021-08-31,11.29,212.36,2021-09-02,6.41,28.81
Aluminum,2022-10-23,16.5,2022-10-30,15.1,525.78,2022-11-03,12.19,44.82
Aluminum,2023-08-29,9.25,2023-09-03,7.67,356.65,2023-09-05,3.9,56.5
Paper,2021-12-31,18.28,2022-01-07,14.49,342.98,2022-01-13,11.69,33.67
Paper,2021-07-23,6.52,2021-07-27,4.65,81.89,2021-07-31,1.47,27.61
Paper,2021-11-09,9.89,2021-11-15,6.21,134.82,2021-11-18,1.03,31.71
Glass,2022-03-27,13.95,2022-03-31,13.91,374.32,2022-04-05,3.27,36.91
Paper,2022-05-12,10.18,2022-05-14,6.84,195.9,2022-05-19,3.29,38.64
Paper,2021-09-28,4.45,2021-10-04,2.28,45.9,2021-10-07,1.04,30.13
Aluminum,2023-04-17,4.9,2023-04-18,3.42,141.76,2023-04-25,2.64,51.45
Aluminum,2022-04-23,6.52,2022-04-27,4.32,120.66,2022-05-04,0.62,37.93
Paper,2022-09-20,15.21,2022-09-23,10.76,361.32,2022-09-29,1.54,43.58
Glass,2021-03-19,9.8,2021-03-20,6.58,84.62,2021-03-27,6.42,22.86
Aluminum,2021-07-12,7.66,2021-07-19,4.98,85.61,2021-07-21,2.9,27.19
Paper,2023-03-26,8.14,2023-03-30,4.46,181.17,2023-04-06,1.05,50.62
Glass,2023-07-10,6.72,2023-07-13,6.2,276.58,2023-07-18,1.67,54.61
Aluminum,2023-02-23,17.48,2023-03-02,15.68,618.58,2023-03-08,13.71,49.45
Glass,2021-05-07,1.2,2021-05-08,0.72,10.59,2021-05-09,0.68,24.71
Glass,2023-01-01,8.61,2023-01-04,5.17,193.67,2023-01-05,4.43,47.46
Paper,2021-09-22,5.15,2021-09-29,3.07,61.12,2021-10-04,1.97,29.91
Glass,2023-10-31,5.28,2023-11-03,3.27,159.8,2023-11-07,0.93,58.87
Aluminum,2022-08-02,7.6,2022-08-09,4.93,156.43,2022-08-16,1.19,41.73
Glass,2021-05-17,13.04,2021-05-19,10.06,151.7,2021-05-21,2.75,25.08
Paper,2021-09-04,12.19,2021-09-07,9.05,174.03,2021-09-09,2.09,29.23
Aluminum,2022-12-22,11.36,2022-12-25,7.09,262.9,2023-01-01,3.36,47.08
Glass,2023-04-25,4.29,2023-05-01,3.08,128.59,2023-05-05,1.52,51.75
Aluminum,2022-04-06,15.2,2022-04-13,13.76,375.51,2022-04-20,5.19,37.29
Paper,2022-10-21,15.59,2022-10-27,9.98,346.81,2022-11-01,8.51,44.75
Aluminum,2021-03-28,4.36,2021-04-02,3.24,42.77,2021-04-09,1.6,23.2
Paper,2023-11-20,1.2,2023-11-27,0.65,32.25,2023-11-29,0.64,59.62
Aluminum,2023-07-02,11.25,2023-07-03,7.68,340.3,2023-07-05,5.86,54.31
Aluminum,2021-07-03,17.34,2021-07-05,15.09,254.27,2021-07-07,14.5,26.85
Glass,2022-08-24,6.57,2022-08-31,5.64,183.64,2022-09-03,2.26,42.56
Aluminum,2023-04-04,6.48,2023-04-07,5.09,208.49,2023-04-09,2.17,50.96
Glass,2021-07-05,5.24,2021-07-11,5.15,87.19,2021-07-14,4.34,26.93
Glass,2021-12-22,15.86,2021-12-27,12.56,293.02,2021-12-28,1.03,33.33
Aluminum,2021-04-20,3.25,2021-04-23,2.81,39.54,2021-04-25,0.6,24.07
Paper,2021-12-01,14.57,2021-12-03,10.35,233.29,2021-12-08,3.48,32.54
Aluminum,2023-05-19,17.57,2023-05-22,15.8,674.03,2023-05-26,3.36,52.66
Paper,2022-08-23,1.03,2022-08-27,0.6,19.51,2022-08-28,0.52,42.52
Paper,2022-12-13,6.8,2022-12-18,4.61,169.37,2022-12-20,2.97,46.74
Aluminum,2023-03-29,19.88,2023-04-01,16.94,689.97,2023-04-08,15.05,50.73
Aluminum,2021-10-11,14.39,2021-10-18,9.58,197.54,2021-10-21,5.49,30.62
Glass,2023-01-18,10.84,2023-01-19,6.68,254.51,2023-01-20,3.13,48.1
Paper,2021-10-16,6.95,2021-10-18,4.39,91.36,2021-10-22,0.87,30.81
Aluminum,2022-07-01,6.92,2022-07-05,4.24,129.45,2022-07-11,1.75,40.53
Aluminum,2021-05-03,10.01,2021-05-05,9.44,137.45,2021-05-08,4.82,24.56
Aluminum,2021-08-30,6.49,2021-09-03,5.52,105.1,2021-09-05,3.27,29.04
Aluminum,2023-11-01,16.16,2023-11-05,9.72,475.41,2023-11-12,2.82,58.91
Glass,2022-03-04,2.32,2022-03-05,1.46,38.03,2022-03-09,0.84,36.05
Glass,2021-03-28,2.26,2021-03-29,2.17,28.64,2021-04-03,1.51,23.2
Glass,2021-04-16,7.53,2021-04-17,6.29,87.56,2021-04-22,3.36,23.92
Glass,2022-08-29,14.48,2022-08-30,10.24,335.36,2022-09-03,2.67,42.75
Glass,2023-09-05,19.61,2023-09-07,12.94,605.07,2023-09-08,6.58,56.76
Aluminum,2021-11-12,1.24,2021-11-16,0.94,20.52,2021-11-19,0.6,31.83
Aluminum,2021-12-05,2.1,2021-12-10,1.5,34.04,2021-12-13,1.28,32.69
Glass,2021-04-02,13.56,2021-04-06,12.03,161.08,2021-04-10,7.91,23.39
Glass,2021-07-07,10.73,2021-07-14,8.77,149.18,2021-07-16,4.63,27.01
Glass,2021-12-14,8.9,2021-12-16,8.24,189.77,2021-12-21,0.55,33.03
Glass,2021-05-21,19.65,2021-05-25,14.34,218.54,2021-06-01,5.26,25.24
Aluminum,2021-12-29,2.28,2022-01-05,1.46,34.46,2022-01-12,1.35,33.6
Glass,2022-12-15,8.05,2022-12-20,6.52,240.07,2022-12-24,1.93,46.82
Aluminum,2023-03-03,8.67,2023-03-06,8.33,331.2,2023-03-08,6.46,49.76
Glass,2023-03-22,12.87,2023-03-23,10.88,440.31,2023-03-25,4.6,50.47
Glass,2023-09-08,16.15,2023-09-12,12.14,569.0,2023-09-13,11.9,56.87
Aluminum,2023-08-02,7.91,2023-08-09,5.87,266.97,2023-08-10,0.52,55.48
Aluminum,2023-11-21,11.96,2023-11-23,8.32,413.17,2023-11-24,4.7,59.66
Glass,2022-04-14,10.41,2022-04-18,7.9,217.96,2022-04-23,6.94,37.59
Paper,2022-06-20,14.43,2022-06-26,9.55,287.55,2022-07-01,7.65,40.11
Glass,2022-10-28,10.74,2022-11-02,9.79,342.75,2022-11-07,1.1,45.01
Aluminum,2021-08-02,14.93,2021-08-05,12.72,228.71,2021-08-09,4.99,27.98
Aluminum,2023-09-05,3.21,2023-09-07,2.93,137.01,2023-09-12,1.5,56.76
Paper,2023-06-26,15.43,2023-07-02,11.87,523.35,2023-07-06,7.7,54.09
Aluminum,2022-03-06,9.36,2022-03-07,7.45,194.59,2022-03-13,5.6,36.12
Paper,2021-12-19,10.79,2021-12-25,7.82,181.58,2021-12-26,5.13,33.22
Aluminum,2023-04-22,17.71,2023-04-29,15.84,659.58,2023-05-03,5.13,51.64
Paper,2021-03-30,18.91,2021-04-01,14.09,187.12,2021-04-07,8.47,23.28
Aluminum,2022-07-20,3.32,2022-07-24,2.93,91.53,2022-07-27,1.87,41.24
Aluminum,2022-03-01,11.29,2022-03-02,8.95,232.07,2022-03-06,7.84,35.93
Paper,2022-06-06,17.07,2022-06-12,11.17,330.52,2022-06-13,2.26,39.59
Paper,2022-03-31,6.46,2022-04-03,4.24,114.73,2022-04-04,1.34,37.06
Aluminum,2023-08-08,3.49,2023-08-11,2.7,123.42,2023-08-14,1.25,55.71
Glass,2022-06-12,16.1,2022-06-15,12.02,358.32,2022-06-21,5.55,39.81
Aluminum,2021-01-08,12.84,2021-01-13,10.27,105.06,2021-01-20,7.54,20.23
Aluminum,2023-01-20,5.91,2023-01-25,4.16,158.79,2023-01-31,1.13,48.17
Glass,2023-08-05,14.76,2023-08-07,11.89,542.07,2023-08-11,2.72,55.59
Glass,2022-05-24,17.74,2022-05-29,17.64,513.32,2022-06-03,7.64,39.1
Glass,2021-09-08,6.41,2021-09-14,4.55,88.18,2021-09-16,2.93,29.38
Paper,2021-04-22,7.47,2021-04-27,4.59,64.9,2021-05-04,1.18,24.14
Paper,2021-02-03,2.51,2021-02-06,1.54,17.26,2021-02-13,0.69,21.21
Aluminum,2021-09-06,17.42,2021-09-07,12.82,247.43,2021-09-11,1.75,29.3
Aluminum,2021-10-19,3.47,2021-10-26,2.92,61.09,2021-10-29,1.99,30.92
Paper,2022-03-06,17.92,2022-03-12,11.93,311.61,2022-03-16,9.92,36.12
Glass,2023-10-22,19.22,2023-10-28,15.72,762.89,2023-11-02,12.97,58.53
Paper,2023-06-08,4.22,2023-06-11,2.51,108.96,2023-06-17,2.16,53.41
Aluminum,2023-08-25,18.44,2023-08-31,16.85,781.0,2023-09-02,10.62,56.35
Paper,2022-08-16,8.8,2022-08-22,4.79,154.53,2022-08-26,1.06,42.26
Aluminum,2021-10-30,4.94,2021-11-05,4.57,97.52,2021-11-09,2.08,31.34
Glass,2023-01-09,7.85,2023-01-15,6.75,254.88,2023-01-18,2.54,47.76
Glass,2021-07-16,1.24,2021-07-22,1.12,19.42,2021-07-24,0.71,27.34
Aluminum,2022-01-08,12.81,2022-01-11,9.12,218.61,2022-01-18,0.59,33.97
Glass,2023-06-30,18.05,2023-07-04,15.72,695.45,2023-07-05,15.16,54.24
Aluminum,2023-03-14,17.08,2023-03-18,13.65,548.32,2023-03-22,10.7,50.17
Glass,2022-12-22,14.51,2022-12-25,12.1,448.67,2022-12-28,9.05,47.08
Glass,2021-12-25,17.94,2021-12-28,13.79,323.38,2021-12-31,1.87,33.45
Paper,2021-05-09,11.86,2021-05-12,8.99,132.87,2021-05-16,7.01,24.78
Paper,2022-05-07,3.65,2022-05-08,2.61,74.28,2022-05-09,1.94,38.46
Glass,2022-08-07,5.73,2022-08-08,5.29,168.86,2022-08-14,4.0,41.92
Glass,2023-04-20,5.25,2023-04-22,4.49,186.6,2023-04-26,4.29,51.56
Paper,2023-07-20,11.7,2023-07-27,6.15,276.69,2023-08-03,4.62,54.99
Paper,2021-08-13,19.97,2021-08-14,13.68,251.71,2021-08-16,9.63,28.4
Aluminum,2021-06-29,3.95,2021-07-01,3.53,58.95,2021-07-03,2.4,26.7
Paper,2023-07-05,19.92,2023-07-10,10.85,482.07,2023-07-12,7.79,54.43
Aluminum,2021-07-20,17.56,2021-07-25,15.71,274.93,2021-07-29,13.66,27.5
Paper,2023-02-01,17.79,2023-02-06,12.8,494.46,2023-02-13,8.34,48.63
Paper,2022-08-11,5.89,2022-08-15,3.5,112.25,2022-08-20,0.76,42.07
Paper,2021-09-09,1.1,2021-09-10,0.87,16.9,2021-09-12,0.84,29.42
Glass,2023-06-15,1.24,2023-06-16,0.77,33.63,2023-06-19,0.72,53.67
Aluminum,2022-05-05,17.56,2022-05-11,15.39,436.77,2022-05-14,3.61,38.38
Aluminum,2023-11-24,9.14,2023-11-30,8.97,446.44,2023-12-01,2.79,59.77
Paper,2022-09-28,12.1,2022-10-05,7.91,267.99,2022-10-12,6.32,43.88
Paper,2023-09-02,8.52,2023-09-08,5.93,276.63,2023-09-14,4.21,56.65
Aluminum,2021-01-22,3.84,2021-01-28,2.53,27.2,2021-01-29,0.97,20.75
Paper,2023-07-25,13.25,2023-07-27,10.05,454.06,2023-08-01,3.11,55.18
Aluminum,2022-11-20,19.5,2022-11-21,14.38,515.95,2022-11-25,6.95,45.88
Aluminum,2022-09-24,3.0,2022-09-30,2.75,92.76,2022-10-01,1.31,43.73
Paper,2021-04-05,19.02,2021-04-07,10.45,141.07,2021-04-13,5.59,23.5
Paper,2023-01-13,9.48,2023-01-19,7.06,267.64,2023-01-24,3.46,47.91
Glass,2022-01-15,2.95,2022-01-21,1.81,43.87,2022-01-28,0.72,34.24
Paper,2021-11-30,8.6,2021-12-02,5.82,130.95,2021-12-04,5.22,32.5
Paper,2021-09-12,18.71,2021-09-16,10.21,199.4,2021-09-19,10.12,29.53
Aluminum,2021-08-27,14.64,2021-08-28,14.25,269.75,2021-08-30,0.59,28.93
Glass,2023-09-19,14.9,2023-09-23,9.37,443.11,2023-09-24,8.19,57.29
Glass,2022-04-04,9.54,2022-04-06,7.86,213.87,2022-04-12,2.48,37.21
Glass,2021-11-03,19.57,2021-11-09,13.59,292.05,2021-11-15,12.51,31.49
Glass,2023-04-18,3.25,2023-04-19,3.08,127.79,2023-04-20,2.38,51.49
Glass,2023-03-18,16.62,2023-03-23,13.03,525.37,2023-03-27,8.21,50.32
Glass,2021-12-02,5.66,2021-12-06,4.69,105.9,2021-12-10,4.06,32.58
Glass,2022-01-18,14.32,2022-01-23,11.06,269.31,2022-01-24,1.01,34.35
Paper,2022-06-15,7.53,2022-06-18,5.47,163.66,2022-06-21,4.67,39.92
Glass,2023-07-08,13.26,2023-07-11,9.39,418.23,2023-07-14,0.67,54.54
Aluminum,2023-07-15,10.93,2023-07-18,7.59,340.03,2023-07-21,7.18,54.8
Glass,2023-07-01,12.4,2023-07-07,8.44,373.64,2023-07-12,2.76,54.27
Aluminum,2022-04-02,9.71,2022-04-08,9.46,256.74,2022-04-14,5.76,37.14
Aluminum,2022-09-20,13.02,2022-09-25,9.19,308.6,2022-09-30,8.4,43.58
Aluminum,2022-11-06,11.35,2022-11-09,7.35,259.82,2022-11-16,6.17,45.35
Glass,2023-09-03,13.21,2023-09-05,9.09,424.41,2023-09-12,3.49,56.69
Paper,2022-05-26,8.89,2022-05-31,6.16,179.69,2022-06-04,3.38,39.17
Aluminum,2023-09-03,9.83,2023-09-04,7.71,359.98,2023-09-06,6.01,56.69
Paper,2022-08-04,9.82,2022-08-06,4.92,156.51,2022-08-12,0.86,41.81
Glass,2023-08-14,7.92,2023-08-21,4.87,223.68,2023-08-25,4.25,55.93
Glass,2023-09-21,3.02,2023-09-24,2.44,115.56,2023-09-26,1.98,57.36
Glass,2023-08-13,15.81,2023-08-19,13.01,597.03,2023-08-25,4.07,55.89
Glass,2023-01-20,9.48,2023-01-25,7.87,300.4,2023-01-29,1.86,48.17
Aluminum,2022-10-27,19.21,2022-11-01,14.0,489.58,2022-11-08,12.44,44.97
Paper,2022-12-19,15.34,2022-12-21,10.98,405.93,2022-12-24,9.02,46.97
Glass,2022-10-06,14.0,2022-10-08,11.34,387.6,2022-10-09,4.03,44.18
Paper,2022-02-17,18.48,2022-02-22,9.59,244.35,2022-02-23,4.09,35.48
Paper,2022-06-13,13.62,2022-06-18,8.5,253.73,2022-06-22,7.78,39.85
Paper,2022-09-09,12.7,2022-09-10,9.07,300.76,2022-09-16,3.75,43.16
Aluminum,2022-08-28,3.97,2022-09-03,2.46,80.47,2022-09-07,2.09,42.71
Glass,2021-01-31,19.02,2021-02-01,12.76,141.51,2021-02-03,11.4,21.09
Aluminum,2021-07-13,12.91,2021-07-16,11.87,204.52,2021-07-19,9.17,27.23
Aluminum,2021-02-09,5.18,2021-02-15,3.94,45.03,2021-02-18,1.69,21.43
Aluminum,2022-06-20,9.98,2022-06-27,8.96,269.79,2022-07-02,8.77,40.11
Aluminum,2022-12-16,7.61,2022-12-22,6.05,222.94,2022-12-26,4.07,46.85
Paper,2021-09-29,10.56,2021-10-04,5.46,110.13,2021-10-05,4.7,30.17
Aluminum,2021-04-08,2.41,2021-04-12,1.46,19.89,2021-04-15,0.97,23.62
Paper,2021-02-27,15.9,2021-03-03,11.63,140.84,2021-03-06,5.47,22.11
Paper,2022-12-31,3.44,2023-01-07,2.31,86.44,2023-01-13,1.75,47.42
Paper,2023-07-14,16.42,2023-07-17,10.3,461.03,2023-07-20,10.09,54.76
Aluminum,2022-07-02,12.16,2022-07-05,7.8,238.37,2022-07-09,5.51,40.56
Paper,2021-09-01,12.0,2021-09-08,9.03,172.56,2021-09-11,6.38,29.11
Aluminum,2023-11-20,11.09,2023-11-22,9.44,468.41,2023-11-25,2.91,59.62
Glass,2023-05-01,5.45,2023-05-06,4.95,207.8,2023-05-07,1.28,51.98
Aluminum,2023-05-29,17.29,2023-06-03,10.74,462.14,2023-06-04,8.32,53.03
Glass,2021-11-07,9.66,2021-11-08,8.53,184.59,2021-11-12,4.37,31.64
Paper,2022-06-22,14.3,2022-06-23,7.6,229.44,2022-06-27,3.62,40.19
Aluminum,2021-02-16,11.1,2021-02-22,10.11,118.19,2021-02-27,7.26,21.69
Paper,2022-03-24,12.47,2022-03-31,9.82,263.18,2022-04-05,1.81,36.8
Glass,2021-05-04,18.24,2021-05-06,11.02,160.89,2021-05-10,10.16,24.6
Glass,2022-08-06,17.48,2022-08-11,10.75,342.71,2022-08-12,4.53,41.88
Paper,2021-07-31,4.52,2021-08-01,3.0,53.73,2021-08-02,1.24,27.91
Paper,2023-09-07,11.92,2023-09-12,9.0,421.56,2023-09-18,2.57,56.84
Paper,2023-02-21,2.45,2023-02-24,1.72,67.73,2023-03-03,1.56,49.38
Aluminum,2021-07-11,14.73,2021-07-16,14.2,243.67,2021-07-17,4.11,27.16
Aluminum,2023-10-14,15.17,2023-10-19,11.35,547.41,2023-10-20,10.06,58.23
Aluminum,2022-08-30,10.43,2022-09-06,6.44,211.17,2022-09-10,6.08,42.79
Glass,2021-03-23,9.04,2021-03-30,6.62,86.13,2021-04-03,5.99,23.01
Aluminum,2023-05-04,9.99,2023-05-07,6.62,278.64,2023-05-11,6.58,52.09
Aluminum,2022-11-30,6.94,2022-12-06,6.11,221.49,2022-12-07,1.97,46.25
Paper,2021-07-15,16.84,2021-07-21,11.72,202.87,2021-07-22,10.48,27.31
Aluminum,2023-06-08,12.98,2023-06-12,11.72,508.77,2023-06-18,10.48,53.41
Glass,2021-12-13,8.73,2021-12-17,7.11,163.46,2021-12-21,4.1,32.99
Aluminum,2022-06-01,7.33,2022-06-05,6.74,198.16,2022-06-08,6.17,39.4
Aluminum,2023-09-14,14.47,2023-09-15,12.77,601.47,2023-09-20,10.52,57.1
Glass,2023-09-01,2.11,2023-09-06,1.39,64.79,2023-09-11,1.13,56.61
Aluminum,2022-03-28,5.39,2022-03-30,3.85,103.76,2022-04-02,1.25,36.95
Aluminum,2021-11-16,8.86,2021-11-23,8.6,189.03,2021-11-27,4.72,31.98
Paper,2021-09-07,5.34,2021-09-10,2.94,56.86,2021-09-17,2.27,29.34
Aluminum,2022-11-15,14.13,2022-11-22,9.7,346.19,2022-11-28,9.18,45.69
Aluminum,2023-11-03,16.99,2023-11-07,14.49,709.72,2023-11-12,8.62,58.98
Glass,2022-02-21,18.61,2022-02-28,11.69,299.61,2022-03-03,6.93,35.63
Glass,2023-06-27,6.74,2023-06-30,6.01,265.16,2023-07-03,0.99,54.12
Aluminum,2022-07-08,1.5,2022-07-11,1.13,34.79,2022-07-14,0.81,40.79
Aluminum,2023-06-11,1.93,2023-06-13,1.36,59.19,2023-06-17,0.89,53.52
Aluminum,2022-12-30,2.49,2022-12-31,1.98,74.01,2023-01-03,0.6,47.38
Paper,2022-07-12,11.81,2022-07-19,8.57,265.16,2022-07-24,8.2,40.94
Aluminum,2021-12-27,11.1,2021-12-29,9.53,224.15,2022-01-04,2.02,33.52
Aluminum,2021-08-09,8.51,2021-08-10,6.45,117.71,2021-08-11,5.57,28.25
Glass,2023-07-22,11.16,2023-07-29,10.87,489.91,2023-08-03,7.51,55.07
Aluminum,2021-11-02,1.13,2021-11-05,0.72,15.44,2021-11-09,0.61,31.45
Paper,2021-01-04,4.89,2021-01-06,3.19,32.16,2021-01-10,1.39,20.08
Paper,2022-06-24,15.72,2022-06-30,8.18,247.53,2022-07-05,6.53,40.26
Paper,2021-08-15,8.34,2021-08-21,4.74,87.55,2021-08-26,3.3,28.47
Aluminum,2022-12-13,6.65,2022-12-15,4.68,171.94,2022-12-22,2.66,46.74
Glass,2021-07-02,17.36,2021-07-05,14.31,240.69,2021-07-07,7.48,26.82
Glass,2022-03-26,18.5,2022-03-29,15.51,416.75,2022-03-30,9.69,36.87
Paper,2023-08-12,11.27,2023-08-14,8.9,408.15,2023-08-18,4.13,55.86
Glass,2022-11-23,13.71,2022-11-25,13.71,493.42,2022-12-01,11.67,45.99
Glass,2022-06-01,17.21,2022-06-05,12.56,369.26,2022-06-09,6.62,39.4
Aluminum,2021-11-17,5.0,2021-11-23,4.31,94.91,2021-11-27,0.91,32.02
Glass,2021-10-17,8.49,2021-10-21,5.5,114.68,2021-10-27,5.0,30.85
Paper,2021-08-29,6.87,2021-09-03,4.1,77.9,2021-09-05,3.46,29.0
Aluminum,2021-02-02,1.64,2021-02-04,1.31,14.63,2021-02-07,0.56,21.17
Paper,2022-11-05,3.9,2022-11-10,2.09,73.8,2022-11-16,1.01,45.31
Paper,2023-05-24,15.52,2023-05-29,8.13,348.29,2023-06-02,1.11,52.84
Aluminum,2023-07-25,19.91,2023-07-31,16.27,735.08,2023-08-05,14.66,55.18
Aluminum,2021-08-17,2.41,2021-08-23,1.91,35.43,2021-08-28,1.09,28.55
Glass,2021-10-26,16.81,2021-10-28,14.61,309.59,2021-11-04,13.73,31.19
Paper,2023-04-21,18.13,2023-04-22,14.23,591.97,2023-04-26,6.51,51.6
Glass,2021-01-08,12.62,2021-01-15,8.93,91.35,2021-01-19,5.09,20.23
Glass,2021-11-11,6.76,2021-11-15,4.18,91.08,2021-11-21,3.98,31.79
Aluminum,2022-11-16,7.92,2022-11-20,6.63,236.89,2022-11-27,2.01,45.73
Paper,2022-12-17,18.53,2022-12-18,10.52,388.08,2022-12-20,1.83,46.89
Glass,2022-04-03,8.65,2022-04-04,5.4,146.77,2022-04-08,2.81,37.18
Glass,2023-02-12,15.65,2023-02-13,15.63,610.2,2023-02-18,14.26,49.04
Aluminum,2023-05-27,12.07,2023-06-02,11.64,500.05,2023-06-09,3.15,52.96
Glass,2023-05-23,11.17,2023-05-29,7.48,320.22,2023-06-05,2.1,52.81
Paper,2021-03-10,11.31,2021-03-17,6.21,77.75,2021-03-18,3.67,22.52
Aluminum,2023-04-23,8.97,2023-04-26,7.9,329.27,2023-04-29,7.26,51.68
Glass,2022-01-09,2.13,2022-01-11,1.67,40.1,2022-01-17,1.06,34.01
Paper,2023-11-29,11.2,2023-12-05,5.75,287.27,2023-12-12,5.57,59.96
Glass,2021-07-29,7.93,2021-07-31,6.8,121.24,2021-08-03,4.44,27.83
Paper,2023-09-28,7.13,2023-10-05,4.79,228.15,2023-10-07,3.61,57.63
Glass,2022-03-10,6.56,2022-03-15,5.6,147.11,2022-03-19,1.52,36.27
Paper,2023-06-29,2.35,2023-07-01,1.22,53.92,2023-07-06,0.83,54.2
Paper,2021-04-18,12.53,2021-04-23,6.49,90.8,2021-04-28,1.32,23.99
Aluminum,2021-07-31,2.96,2021-08-01,1.85,33.13,2021-08-02,1.47,27.91
Paper,2021-03-19,13.04,2021-03-26,7.78,100.05,2021-03-29,2.15,22.86
Glass,2022-02-24,9.38,2022-03-02,8.85,227.8,2022-03-03,2.21,35.74
Aluminum,2023-01-19,14.46,2023-01-21,9.39,358.13,2023-01-22,7.36,48.14
Paper,2023-09-21,9.9,2023-09-25,7.44,352.36,2023-09-28,0.6,57.36
Glass,2023-05-10,13.7,2023-05-17,9.41,398.23,2023-05-24,1.75,52.32
Glass,2022-05-29,8.94,2022-05-31,8.65,253.27,2022-06-07,4.34,39.28
Glass,2022-11-09,6.09,2022-11-10,5.5,195.03,2022-11-17,1.16,45.46
Paper,2022-09-24,18.95,2022-09-30,11.98,404.09,2022-10-01,3.42,43.73
Glass,2023-07-31,9.43,2023-08-07,6.05,274.67,2023-08-10,1.73,55.4
Paper,2021-05-24,13.35,2021-05-26,10.57,162.25,2021-05-29,4.13,25.35
Glass,2023-04-21,10.43,2023-04-22,7.85,326.56,2023-04-29,6.22,51.6
Aluminum,2021-08-18,10.12,2021-08-23,10.05,186.83,2021-08-24,6.71,28.59
Glass,2021-09-03,12.44,2021-09-04,11.45,219.73,2021-09-05,4.69,29.19
Aluminum,2023-03-30,15.38,2023-04-04,14.04,572.41,2023-04-07,12.71,50.77
Paper,2021-06-19,9.73,2021-06-25,5.52,90.14,2021-07-01,3.94,26.33
Paper,2022-05-17,4.98,2022-05-19,3.97,114.46,2022-05-25,2.87,38.83
Paper,2022-11-15,15.85,2022-11-20,10.57,377.24,2022-11-24,7.44,45.69
Glass,2021-04-10,16.55,2021-04-12,15.04,205.9,2021-04-17,4.05,23.69
Glass,2021-02-18,5.15,2021-02-19,3.61,42.49,2021-02-25,1.3,21.77
Paper,2022-09-29,11.0,2022-10-06,7.17,243.21,2022-10-10,1.24,43.92
Glass,2022-04-28,3.66,2022-05-04,3.28,92.23,2022-05-08,1.72,38.12
Glass,2022-05-28,7.01,2022-06-02,5.98,174.92,2022-06-03,5.72,39.25
Aluminum,2021-06-18,11.87,2021-06-19,7.46,121.52,2021-06-21,2.8,26.29
Aluminum,2022-08-01,2.3,2022-08-06,2.06,65.28,2022-08-12,0.8,41.69
Glass,2022-06-25,14.82,2022-07-02,13.39,405.72,2022-07-09,1.8,40.3
Paper,2021-07-17,7.79,2021-07-22,6.11,106.19,2021-07-28,3.21,27.38
Aluminum,2021-11-19,2.3,2021-11-26,1.7,37.55,2021-11-28,1.62,32.09
Glass,2023-09-18,3.07,2023-09-21,2.18,103.01,2023-09-24,1.46,57.25
Paper,2021-06-05,13.65,2021-06-06,10.06,158.95,2021-06-08,6.01,25.8
Paper,2023-11-07,15.05,2023-11-13,7.68,377.32,2023-11-18,5.07,59.13
Paper,2022-08-26,19.49,2022-09-01,11.23,366.55,2022-09-08,7.35,42.64
Paper,2022-03-26,2.12,2022-03-31,1.22,32.78,2022-04-06,1.14,36.87
Aluminum,2021-06-28,4.45,2021-07-04,3.68,61.35,2021-07-11,2.8,26.67
Glass,2021-08-17,13.69,2021-08-18,11.44,212.21,2021-08-24,4.81,28.55
Glass,2021-12-31,13.04,2022-01-06,9.19,217.53,2022-01-09,5.4,33.67
Paper,2021-12-04,2.53,2021-12-11,1.28,29.0,2021-12-17,1.23,32.66
Paper,2023-06-14,5.5,2023-06-21,3.2,139.62,2023-06-23,2.09,53.63
Paper,2023-04-24,1.72,2023-05-01,0.9,37.54,2023-05-07,0.6,51.71
Aluminum,2023-01-12,1.28,2023-01-18,1.15,43.55,2023-01-22,0.8,47.87
Glass,2022-01-05,1.48,2022-01-09,1.02,24.34,2022-01-12,0.88,33.86
